ComponentName,StatisticName,StatisticSubId,StatisticType,SimTime,Rank,Sum.u64,SumSQ.u64,Count.u64,Min.u64,Max.u64
system_pxn0_pod0_core0_core,load_l1sp,hart_0,Accumulator,19982346000,0,291967,291967,291967,1,1
system_pxn0_pod0_core0_core,store_l1sp,hart_0,Accumulator,19982346000,0,161116,161116,161116,1,1
system_pxn0_pod0_core0_core,atomic_l1sp,hart_0,Accumulator,19982346000,0,0,0,0,0,0
system_pxn0_pod0_core0_core,load_l2sp,hart_0,Accumulator,19982346000,0,7863,7863,7863,1,1
system_pxn0_pod0_core0_core,store_l2sp,hart_0,Accumulator,19982346000,0,1074,1074,1074,1,1
system_pxn0_pod0_core0_core,atomic_l2sp,hart_0,Accumulator,19982346000,0,207,207,207,1,1
system_pxn0_pod0_core0_core,load_dram,hart_0,Accumulator,19982346000,0,24618,24618,24618,1,1
system_pxn0_pod0_core0_core,store_dram,hart_0,Accumulator,19982346000,0,1711,1711,1711,1,1
system_pxn0_pod0_core0_core,atomic_dram,hart_0,Accumulator,19982346000,0,16424,16424,16424,1,1
system_pxn0_pod0_core0_core,load_remote_pxn,hart_0,Accumulator,19982346000,0,0,0,0,0,0
system_pxn0_pod0_core0_core,store_remote_pxn,hart_0,Accumulator,19982346000,0,0,0,0,0,0
system_pxn0_pod0_core0_core,atomic_remote_pxn,hart_0,Accumulator,19982346000,0,0,0,0,0,0
system_pxn0_pod0_core0_core,useful_load_l1sp,hart_0,Accumulator,19982346000,0,279167,279167,279167,1,1
system_pxn0_pod0_core0_core,useful_store_l1sp,hart_0,Accumulator,19982346000,0,149345,149345,149345,1,1
system_pxn0_pod0_core0_core,useful_atomic_l1sp,hart_0,Accumulator,19982346000,0,0,0,0,0,0
system_pxn0_pod0_core0_core,useful_load_l2sp,hart_0,Accumulator,19982346000,0,7487,7487,7487,1,1
system_pxn0_pod0_core0_core,useful_store_l2sp,hart_0,Accumulator,19982346000,0,956,956,956,1,1
system_pxn0_pod0_core0_core,useful_atomic_l2sp,hart_0,Accumulator,19982346000,0,173,173,173,1,1
system_pxn0_pod0_core0_core,useful_load_dram,hart_0,Accumulator,19982346000,0,19420,19420,19420,1,1
system_pxn0_pod0_core0_core,useful_store_dram,hart_0,Accumulator,19982346000,0,0,0,0,0,0
system_pxn0_pod0_core0_core,useful_atomic_dram,hart_0,Accumulator,19982346000,0,16352,16352,16352,1,1
system_pxn0_pod0_core0_core,load_l1sp,hart_1,Accumulator,19982346000,0,291942,291942,291942,1,1
system_pxn0_pod0_core0_core,store_l1sp,hart_1,Accumulator,19982346000,0,160709,160709,160709,1,1
system_pxn0_pod0_core0_core,atomic_l1sp,hart_1,Accumulator,19982346000,0,0,0,0,0,0
system_pxn0_pod0_core0_core,load_l2sp,hart_1,Accumulator,19982346000,0,9818,9818,9818,1,1
system_pxn0_pod0_core0_core,store_l2sp,hart_1,Accumulator,19982346000,0,1033,1033,1033,1,1
system_pxn0_pod0_core0_core,atomic_l2sp,hart_1,Accumulator,19982346000,0,201,201,201,1,1
system_pxn0_pod0_core0_core,load_dram,hart_1,Accumulator,19982346000,0,19535,19535,19535,1,1
system_pxn0_pod0_core0_core,store_dram,hart_1,Accumulator,19982346000,0,11,11,11,1,1
system_pxn0_pod0_core0_core,atomic_dram,hart_1,Accumulator,19982346000,0,16404,16404,16404,1,1
system_pxn0_pod0_core0_core,load_remote_pxn,hart_1,Accumulator,19982346000,0,0,0,0,0,0
system_pxn0_pod0_core0_core,store_remote_pxn,hart_1,Accumulator,19982346000,0,0,0,0,0,0
system_pxn0_pod0_core0_core,atomic_remote_pxn,hart_1,Accumulator,19982346000,0,0,0,0,0,0
system_pxn0_pod0_core0_core,useful_load_l1sp,hart_1,Accumulator,19982346000,0,280913,280913,280913,1,1
system_pxn0_pod0_core0_core,useful_store_l1sp,hart_1,Accumulator,19982346000,0,150305,150305,150305,1,1
system_pxn0_pod0_core0_core,useful_atomic_l1sp,hart_1,Accumulator,19982346000,0,0,0,0,0,0
system_pxn0_pod0_core0_core,useful_load_l2sp,hart_1,Accumulator,19982346000,0,7611,7611,7611,1,1
system_pxn0_pod0_core0_core,useful_store_l2sp,hart_1,Accumulator,19982346000,0,1012,1012,1012,1,1
system_pxn0_pod0_core0_core,useful_atomic_l2sp,hart_1,Accumulator,19982346000,0,176,176,176,1,1
system_pxn0_pod0_core0_core,useful_load_dram,hart_1,Accumulator,19982346000,0,19456,19456,19456,1,1
system_pxn0_pod0_core0_core,useful_store_dram,hart_1,Accumulator,19982346000,0,0,0,0,0,0
system_pxn0_pod0_core0_core,useful_atomic_dram,hart_1,Accumulator,19982346000,0,16384,16384,16384,1,1
system_pxn0_pod0_core0_core,load_l1sp,hart_2,Accumulator,19982346000,0,291844,291844,291844,1,1
system_pxn0_pod0_core0_core,store_l1sp,hart_2,Accumulator,19982346000,0,160604,160604,160604,1,1
system_pxn0_pod0_core0_core,atomic_l1sp,hart_2,Accumulator,19982346000,0,0,0,0,0,0
system_pxn0_pod0_core0_core,load_l2sp,hart_2,Accumulator,19982346000,0,9821,9821,9821,1,1
system_pxn0_pod0_core0_core,store_l2sp,hart_2,Accumulator,19982346000,0,1037,1037,1037,1,1
system_pxn0_pod0_core0_core,atomic_l2sp,hart_2,Accumulator,19982346000,0,197,197,197,1,1
system_pxn0_pod0_core0_core,load_dram,hart_2,Accumulator,19982346000,0,19516,19516,19516,1,1
system_pxn0_pod0_core0_core,store_dram,hart_2,Accumulator,19982346000,0,4,4,4,1,1
system_pxn0_pod0_core0_core,atomic_dram,hart_2,Accumulator,19982346000,0,16402,16402,16402,1,1
system_pxn0_pod0_core0_core,load_remote_pxn,hart_2,Accumulator,19982346000,0,0,0,0,0,0
system_pxn0_pod0_core0_core,store_remote_pxn,hart_2,Accumulator,19982346000,0,0,0,0,0,0
system_pxn0_pod0_core0_core,atomic_remote_pxn,hart_2,Accumulator,19982346000,0,0,0,0,0,0
system_pxn0_pod0_core0_core,useful_load_l1sp,hart_2,Accumulator,19982346000,0,281002,281002,281002,1,1
system_pxn0_pod0_core0_core,useful_store_l1sp,hart_2,Accumulator,19982346000,0,150354,150354,150354,1,1
system_pxn0_pod0_core0_core,useful_atomic_l1sp,hart_2,Accumulator,19982346000,0,0,0,0,0,0
system_pxn0_pod0_core0_core,useful_load_l2sp,hart_2,Accumulator,19982346000,0,7619,7619,7619,1,1
system_pxn0_pod0_core0_core,useful_store_l2sp,hart_2,Accumulator,19982346000,0,1016,1016,1016,1,1
system_pxn0_pod0_core0_core,useful_atomic_l2sp,hart_2,Accumulator,19982346000,0,176,176,176,1,1
system_pxn0_pod0_core0_core,useful_load_dram,hart_2,Accumulator,19982346000,0,19456,19456,19456,1,1
system_pxn0_pod0_core0_core,useful_store_dram,hart_2,Accumulator,19982346000,0,0,0,0,0,0
system_pxn0_pod0_core0_core,useful_atomic_dram,hart_2,Accumulator,19982346000,0,16384,16384,16384,1,1
system_pxn0_pod0_core0_core,load_l1sp,hart_3,Accumulator,19982346000,0,290939,290939,290939,1,1
system_pxn0_pod0_core0_core,store_l1sp,hart_3,Accumulator,19982346000,0,160220,160220,160220,1,1
system_pxn0_pod0_core0_core,atomic_l1sp,hart_3,Accumulator,19982346000,0,0,0,0,0,0
system_pxn0_pod0_core0_core,load_l2sp,hart_3,Accumulator,19982346000,0,9874,9874,9874,1,1
system_pxn0_pod0_core0_core,store_l2sp,hart_3,Accumulator,19982346000,0,1064,1064,1064,1,1
system_pxn0_pod0_core0_core,atomic_l2sp,hart_3,Accumulator,19982346000,0,202,202,202,1,1
system_pxn0_pod0_core0_core,load_dram,hart_3,Accumulator,19982346000,0,19395,19395,19395,1,1
system_pxn0_pod0_core0_core,store_dram,hart_3,Accumulator,19982346000,0,19,19,19,1,1
system_pxn0_pod0_core0_core,atomic_dram,hart_3,Accumulator,19982346000,0,16268,16268,16268,1,1
system_pxn0_pod0_core0_core,load_remote_pxn,hart_3,Accumulator,19982346000,0,0,0,0,0,0
system_pxn0_pod0_core0_core,store_remote_pxn,hart_3,Accumulator,19982346000,0,0,0,0,0,0
system_pxn0_pod0_core0_core,atomic_remote_pxn,hart_3,Accumulator,19982346000,0,0,0,0,0,0
system_pxn0_pod0_core0_core,useful_load_l1sp,hart_3,Accumulator,19982346000,0,279689,279689,279689,1,1
system_pxn0_pod0_core0_core,useful_store_l1sp,hart_3,Accumulator,19982346000,0,149658,149658,149658,1,1
system_pxn0_pod0_core0_core,useful_atomic_l1sp,hart_3,Accumulator,19982346000,0,0,0,0,0,0
system_pxn0_pod0_core0_core,useful_load_l2sp,hart_3,Accumulator,19982346000,0,7640,7640,7640,1,1
system_pxn0_pod0_core0_core,useful_store_l2sp,hart_3,Accumulator,19982346000,0,1043,1043,1043,1,1
system_pxn0_pod0_core0_core,useful_atomic_l2sp,hart_3,Accumulator,19982346000,0,177,177,177,1,1
system_pxn0_pod0_core0_core,useful_load_dram,hart_3,Accumulator,19982346000,0,19312,19312,19312,1,1
system_pxn0_pod0_core0_core,useful_store_dram,hart_3,Accumulator,19982346000,0,0,0,0,0,0
system_pxn0_pod0_core0_core,useful_atomic_dram,hart_3,Accumulator,19982346000,0,16256,16256,16256,1,1
system_pxn0_pod0_core0_core,load_l1sp,hart_4,Accumulator,19982346000,0,292067,292067,292067,1,1
system_pxn0_pod0_core0_core,store_l1sp,hart_4,Accumulator,19982346000,0,160761,160761,160761,1,1
system_pxn0_pod0_core0_core,atomic_l1sp,hart_4,Accumulator,19982346000,0,0,0,0,0,0
system_pxn0_pod0_core0_core,load_l2sp,hart_4,Accumulator,19982346000,0,9814,9814,9814,1,1
system_pxn0_pod0_core0_core,store_l2sp,hart_4,Accumulator,19982346000,0,1025,1025,1025,1,1
system_pxn0_pod0_core0_core,atomic_l2sp,hart_4,Accumulator,19982346000,0,204,204,204,1,1
system_pxn0_pod0_core0_core,load_dram,hart_4,Accumulator,19982346000,0,19524,19524,19524,1,1
system_pxn0_pod0_core0_core,store_dram,hart_4,Accumulator,19982346000,0,3,3,3,1,1
system_pxn0_pod0_core0_core,atomic_dram,hart_4,Accumulator,19982346000,0,16420,16420,16420,1,1
system_pxn0_pod0_core0_core,load_remote_pxn,hart_4,Accumulator,19982346000,0,0,0,0,0,0
system_pxn0_pod0_core0_core,store_remote_pxn,hart_4,Accumulator,19982346000,0,0,0,0,0,0
system_pxn0_pod0_core0_core,atomic_remote_pxn,hart_4,Accumulator,19982346000,0,0,0,0,0,0
system_pxn0_pod0_core0_core,useful_load_l1sp,hart_4,Accumulator,19982346000,0,281008,281008,281008,1,1
system_pxn0_pod0_core0_core,useful_store_l1sp,hart_4,Accumulator,19982346000,0,150361,150361,150361,1,1
system_pxn0_pod0_core0_core,useful_atomic_l1sp,hart_4,Accumulator,19982346000,0,0,0,0,0,0
system_pxn0_pod0_core0_core,useful_load_l2sp,hart_4,Accumulator,19982346000,0,7602,7602,7602,1,1
system_pxn0_pod0_core0_core,useful_store_l2sp,hart_4,Accumulator,19982346000,0,1004,1004,1004,1,1
system_pxn0_pod0_core0_core,useful_atomic_l2sp,hart_4,Accumulator,19982346000,0,177,177,177,1,1
system_pxn0_pod0_core0_core,useful_load_dram,hart_4,Accumulator,19982346000,0,19474,19474,19474,1,1
system_pxn0_pod0_core0_core,useful_store_dram,hart_4,Accumulator,19982346000,0,0,0,0,0,0
system_pxn0_pod0_core0_core,useful_atomic_dram,hart_4,Accumulator,19982346000,0,16400,16400,16400,1,1
system_pxn0_pod0_core0_core,load_l1sp,hart_5,Accumulator,19982346000,0,291260,291260,291260,1,1
system_pxn0_pod0_core0_core,store_l1sp,hart_5,Accumulator,19982346000,0,160361,160361,160361,1,1
system_pxn0_pod0_core0_core,atomic_l1sp,hart_5,Accumulator,19982346000,0,0,0,0,0,0
system_pxn0_pod0_core0_core,load_l2sp,hart_5,Accumulator,19982346000,0,9867,9867,9867,1,1
system_pxn0_pod0_core0_core,store_l2sp,hart_5,Accumulator,19982346000,0,1052,1052,1052,1,1
system_pxn0_pod0_core0_core,atomic_l2sp,hart_5,Accumulator,19982346000,0,198,198,198,1,1
system_pxn0_pod0_core0_core,load_dram,hart_5,Accumulator,19982346000,0,19388,19388,19388,1,1
system_pxn0_pod0_core0_core,store_dram,hart_5,Accumulator,19982346000,0,2,2,2,1,1
system_pxn0_pod0_core0_core,atomic_dram,hart_5,Accumulator,19982346000,0,16306,16306,16306,1,1
system_pxn0_pod0_core0_core,load_remote_pxn,hart_5,Accumulator,19982346000,0,0,0,0,0,0
system_pxn0_pod0_core0_core,store_remote_pxn,hart_5,Accumulator,19982346000,0,0,0,0,0,0
system_pxn0_pod0_core0_core,atomic_remote_pxn,hart_5,Accumulator,19982346000,0,0,0,0,0,0
system_pxn0_pod0_core0_core,useful_load_l1sp,hart_5,Accumulator,19982346000,0,279920,279920,279920,1,1
system_pxn0_pod0_core0_core,useful_store_l1sp,hart_5,Accumulator,19982346000,0,149782,149782,149782,1,1
system_pxn0_pod0_core0_core,useful_atomic_l1sp,hart_5,Accumulator,19982346000,0,0,0,0,0,0
system_pxn0_pod0_core0_core,useful_load_l2sp,hart_5,Accumulator,19982346000,0,7626,7626,7626,1,1
system_pxn0_pod0_core0_core,useful_store_l2sp,hart_5,Accumulator,19982346000,0,1031,1031,1031,1,1
system_pxn0_pod0_core0_core,useful_atomic_l2sp,hart_5,Accumulator,19982346000,0,177,177,177,1,1
system_pxn0_pod0_core0_core,useful_load_dram,hart_5,Accumulator,19982346000,0,19348,19348,19348,1,1
system_pxn0_pod0_core0_core,useful_store_dram,hart_5,Accumulator,19982346000,0,0,0,0,0,0
system_pxn0_pod0_core0_core,useful_atomic_dram,hart_5,Accumulator,19982346000,0,16288,16288,16288,1,1
system_pxn0_pod0_core0_core,load_l1sp,hart_6,Accumulator,19982346000,0,295679,295679,295679,1,1
system_pxn0_pod0_core0_core,store_l1sp,hart_6,Accumulator,19982346000,0,162514,162514,162514,1,1
system_pxn0_pod0_core0_core,atomic_l1sp,hart_6,Accumulator,19982346000,0,0,0,0,0,0
system_pxn0_pod0_core0_core,load_l2sp,hart_6,Accumulator,19982346000,0,10040,10040,10040,1,1
system_pxn0_pod0_core0_core,store_l2sp,hart_6,Accumulator,19982346000,0,1167,1167,1167,1,1
system_pxn0_pod0_core0_core,atomic_l2sp,hart_6,Accumulator,19982346000,0,205,205,205,1,1
system_pxn0_pod0_core0_core,load_dram,hart_6,Accumulator,19982346000,0,19650,19650,19650,1,1
system_pxn0_pod0_core0_core,store_dram,hart_6,Accumulator,19982346000,0,3,3,3,1,1
system_pxn0_pod0_core0_core,atomic_dram,hart_6,Accumulator,19982346000,0,16534,16534,16534,1,1
system_pxn0_pod0_core0_core,load_remote_pxn,hart_6,Accumulator,19982346000,0,0,0,0,0,0
system_pxn0_pod0_core0_core,store_remote_pxn,hart_6,Accumulator,19982346000,0,0,0,0,0,0
system_pxn0_pod0_core0_core,atomic_remote_pxn,hart_6,Accumulator,19982346000,0,0,0,0,0,0
system_pxn0_pod0_core0_core,useful_load_l1sp,hart_6,Accumulator,19982346000,0,285855,285855,285855,1,1
system_pxn0_pod0_core0_core,useful_store_l1sp,hart_6,Accumulator,19982346000,0,153001,153001,153001,1,1
system_pxn0_pod0_core0_core,useful_atomic_l1sp,hart_6,Accumulator,19982346000,0,0,0,0,0,0
system_pxn0_pod0_core0_core,useful_load_l2sp,hart_6,Accumulator,19982346000,0,7917,7917,7917,1,1
system_pxn0_pod0_core0_core,useful_store_l2sp,hart_6,Accumulator,19982346000,0,1146,1146,1146,1,1
system_pxn0_pod0_core0_core,useful_atomic_l2sp,hart_6,Accumulator,19982346000,0,180,180,180,1,1
system_pxn0_pod0_core0_core,useful_load_dram,hart_6,Accumulator,19982346000,0,19600,19600,19600,1,1
system_pxn0_pod0_core0_core,useful_store_dram,hart_6,Accumulator,19982346000,0,0,0,0,0,0
system_pxn0_pod0_core0_core,useful_atomic_dram,hart_6,Accumulator,19982346000,0,16512,16512,16512,1,1
system_pxn0_pod0_core0_core,load_l1sp,hart_7,Accumulator,19982346000,0,291379,291379,291379,1,1
system_pxn0_pod0_core0_core,store_l1sp,hart_7,Accumulator,19982346000,0,160371,160371,160371,1,1
system_pxn0_pod0_core0_core,atomic_l1sp,hart_7,Accumulator,19982346000,0,0,0,0,0,0
system_pxn0_pod0_core0_core,load_l2sp,hart_7,Accumulator,19982346000,0,9773,9773,9773,1,1
system_pxn0_pod0_core0_core,store_l2sp,hart_7,Accumulator,19982346000,0,1003,1003,1003,1,1
system_pxn0_pod0_core0_core,atomic_l2sp,hart_7,Accumulator,19982346000,0,194,194,194,1,1
system_pxn0_pod0_core0_core,load_dram,hart_7,Accumulator,19982346000,0,19496,19496,19496,1,1
system_pxn0_pod0_core0_core,store_dram,hart_7,Accumulator,19982346000,0,2,2,2,1,1
system_pxn0_pod0_core0_core,atomic_dram,hart_7,Accumulator,19982346000,0,16404,16404,16404,1,1
system_pxn0_pod0_core0_core,load_remote_pxn,hart_7,Accumulator,19982346000,0,0,0,0,0,0
system_pxn0_pod0_core0_core,store_remote_pxn,hart_7,Accumulator,19982346000,0,0,0,0,0,0
system_pxn0_pod0_core0_core,atomic_remote_pxn,hart_7,Accumulator,19982346000,0,0,0,0,0,0
system_pxn0_pod0_core0_core,useful_load_l1sp,hart_7,Accumulator,19982346000,0,280220,280220,280220,1,1
system_pxn0_pod0_core0_core,useful_store_l1sp,hart_7,Accumulator,19982346000,0,149917,149917,149917,1,1
system_pxn0_pod0_core0_core,useful_atomic_l1sp,hart_7,Accumulator,19982346000,0,0,0,0,0,0
system_pxn0_pod0_core0_core,useful_load_l2sp,hart_7,Accumulator,19982346000,0,7548,7548,7548,1,1
system_pxn0_pod0_core0_core,useful_store_l2sp,hart_7,Accumulator,19982346000,0,982,982,982,1,1
system_pxn0_pod0_core0_core,useful_atomic_l2sp,hart_7,Accumulator,19982346000,0,173,173,173,1,1
system_pxn0_pod0_core0_core,useful_load_dram,hart_7,Accumulator,19982346000,0,19456,19456,19456,1,1
system_pxn0_pod0_core0_core,useful_store_dram,hart_7,Accumulator,19982346000,0,0,0,0,0,0
system_pxn0_pod0_core0_core,useful_atomic_dram,hart_7,Accumulator,19982346000,0,16384,16384,16384,1,1
system_pxn0_pod0_core0_core,load_l1sp,hart_8,Accumulator,19982346000,0,291636,291636,291636,1,1
system_pxn0_pod0_core0_core,store_l1sp,hart_8,Accumulator,19982346000,0,160413,160413,160413,1,1
system_pxn0_pod0_core0_core,atomic_l1sp,hart_8,Accumulator,19982346000,0,0,0,0,0,0
system_pxn0_pod0_core0_core,load_l2sp,hart_8,Accumulator,19982346000,0,9816,9816,9816,1,1
system_pxn0_pod0_core0_core,store_l2sp,hart_8,Accumulator,19982346000,0,1037,1037,1037,1,1
system_pxn0_pod0_core0_core,atomic_l2sp,hart_8,Accumulator,19982346000,0,198,198,198,1,1
system_pxn0_pod0_core0_core,load_dram,hart_8,Accumulator,19982346000,0,19486,19486,19486,1,1
system_pxn0_pod0_core0_core,store_dram,hart_8,Accumulator,19982346000,0,1,1,1,1,1
system_pxn0_pod0_core0_core,atomic_dram,hart_8,Accumulator,19982346000,0,16397,16397,16397,1,1
system_pxn0_pod0_core0_core,load_remote_pxn,hart_8,Accumulator,19982346000,0,0,0,0,0,0
system_pxn0_pod0_core0_core,store_remote_pxn,hart_8,Accumulator,19982346000,0,0,0,0,0,0
system_pxn0_pod0_core0_core,atomic_remote_pxn,hart_8,Accumulator,19982346000,0,0,0,0,0,0
system_pxn0_pod0_core0_core,useful_load_l1sp,hart_8,Accumulator,19982346000,0,280998,280998,280998,1,1
system_pxn0_pod0_core0_core,useful_store_l1sp,hart_8,Accumulator,19982346000,0,150349,150349,150349,1,1
system_pxn0_pod0_core0_core,useful_atomic_l1sp,hart_8,Accumulator,19982346000,0,0,0,0,0,0
system_pxn0_pod0_core0_core,useful_load_l2sp,hart_8,Accumulator,19982346000,0,7618,7618,7618,1,1
system_pxn0_pod0_core0_core,useful_store_l2sp,hart_8,Accumulator,19982346000,0,1016,1016,1016,1,1
system_pxn0_pod0_core0_core,useful_atomic_l2sp,hart_8,Accumulator,19982346000,0,175,175,175,1,1
system_pxn0_pod0_core0_core,useful_load_dram,hart_8,Accumulator,19982346000,0,19456,19456,19456,1,1
system_pxn0_pod0_core0_core,useful_store_dram,hart_8,Accumulator,19982346000,0,0,0,0,0,0
system_pxn0_pod0_core0_core,useful_atomic_dram,hart_8,Accumulator,19982346000,0,16384,16384,16384,1,1
system_pxn0_pod0_core0_core,load_l1sp,hart_9,Accumulator,19982346000,0,291705,291705,291705,1,1
system_pxn0_pod0_core0_core,store_l1sp,hart_9,Accumulator,19982346000,0,160500,160500,160500,1,1
system_pxn0_pod0_core0_core,atomic_l1sp,hart_9,Accumulator,19982346000,0,0,0,0,0,0
system_pxn0_pod0_core0_core,load_l2sp,hart_9,Accumulator,19982346000,0,9811,9811,9811,1,1
system_pxn0_pod0_core0_core,store_l2sp,hart_9,Accumulator,19982346000,0,1032,1032,1032,1,1
system_pxn0_pod0_core0_core,atomic_l2sp,hart_9,Accumulator,19982346000,0,198,198,198,1,1
system_pxn0_pod0_core0_core,load_dram,hart_9,Accumulator,19982346000,0,19496,19496,19496,1,1
system_pxn0_pod0_core0_core,store_dram,hart_9,Accumulator,19982346000,0,2,2,2,1,1
system_pxn0_pod0_core0_core,atomic_dram,hart_9,Accumulator,19982346000,0,16403,16403,16403,1,1
system_pxn0_pod0_core0_core,load_remote_pxn,hart_9,Accumulator,19982346000,0,0,0,0,0,0
system_pxn0_pod0_core0_core,store_remote_pxn,hart_9,Accumulator,19982346000,0,0,0,0,0,0
system_pxn0_pod0_core0_core,atomic_remote_pxn,hart_9,Accumulator,19982346000,0,0,0,0,0,0
system_pxn0_pod0_core0_core,useful_load_l1sp,hart_9,Accumulator,19982346000,0,280888,280888,280888,1,1
system_pxn0_pod0_core0_core,useful_store_l1sp,hart_9,Accumulator,19982346000,0,150289,150289,150289,1,1
system_pxn0_pod0_core0_core,useful_atomic_l1sp,hart_9,Accumulator,19982346000,0,0,0,0,0,0
system_pxn0_pod0_core0_core,useful_load_l2sp,hart_9,Accumulator,19982346000,0,7608,7608,7608,1,1
system_pxn0_pod0_core0_core,useful_store_l2sp,hart_9,Accumulator,19982346000,0,1011,1011,1011,1,1
system_pxn0_pod0_core0_core,useful_atomic_l2sp,hart_9,Accumulator,19982346000,0,175,175,175,1,1
system_pxn0_pod0_core0_core,useful_load_dram,hart_9,Accumulator,19982346000,0,19456,19456,19456,1,1
system_pxn0_pod0_core0_core,useful_store_dram,hart_9,Accumulator,19982346000,0,0,0,0,0,0
system_pxn0_pod0_core0_core,useful_atomic_dram,hart_9,Accumulator,19982346000,0,16384,16384,16384,1,1
system_pxn0_pod0_core0_core,load_l1sp,hart_10,Accumulator,19982346000,0,292831,292831,292831,1,1
system_pxn0_pod0_core0_core,store_l1sp,hart_10,Accumulator,19982346000,0,161007,161007,161007,1,1
system_pxn0_pod0_core0_core,atomic_l1sp,hart_10,Accumulator,19982346000,0,0,0,0,0,0
system_pxn0_pod0_core0_core,load_l2sp,hart_10,Accumulator,19982346000,0,9804,9804,9804,1,1
system_pxn0_pod0_core0_core,store_l2sp,hart_10,Accumulator,19982346000,0,1027,1027,1027,1,1
system_pxn0_pod0_core0_core,atomic_l2sp,hart_10,Accumulator,19982346000,0,200,200,200,1,1
system_pxn0_pod0_core0_core,load_dram,hart_10,Accumulator,19982346000,0,19612,19612,19612,1,1
system_pxn0_pod0_core0_core,store_dram,hart_10,Accumulator,19982346000,0,1,1,1,1,1
system_pxn0_pod0_core0_core,atomic_dram,hart_10,Accumulator,19982346000,0,16510,16510,16510,1,1
system_pxn0_pod0_core0_core,load_remote_pxn,hart_10,Accumulator,19982346000,0,0,0,0,0,0
system_pxn0_pod0_core0_core,store_remote_pxn,hart_10,Accumulator,19982346000,0,0,0,0,0,0
system_pxn0_pod0_core0_core,atomic_remote_pxn,hart_10,Accumulator,19982346000,0,0,0,0,0,0
system_pxn0_pod0_core0_core,useful_load_l1sp,hart_10,Accumulator,19982346000,0,282462,282462,282462,1,1
system_pxn0_pod0_core0_core,useful_store_l1sp,hart_10,Accumulator,19982346000,0,151133,151133,151133,1,1
system_pxn0_pod0_core0_core,useful_atomic_l1sp,hart_10,Accumulator,19982346000,0,0,0,0,0,0
system_pxn0_pod0_core0_core,useful_load_l2sp,hart_10,Accumulator,19982346000,0,7628,7628,7628,1,1
system_pxn0_pod0_core0_core,useful_store_l2sp,hart_10,Accumulator,19982346000,0,1006,1006,1006,1,1
system_pxn0_pod0_core0_core,useful_atomic_l2sp,hart_10,Accumulator,19982346000,0,175,175,175,1,1
system_pxn0_pod0_core0_core,useful_load_dram,hart_10,Accumulator,19982346000,0,19582,19582,19582,1,1
system_pxn0_pod0_core0_core,useful_store_dram,hart_10,Accumulator,19982346000,0,0,0,0,0,0
system_pxn0_pod0_core0_core,useful_atomic_dram,hart_10,Accumulator,19982346000,0,16496,16496,16496,1,1
system_pxn0_pod0_core0_core,load_l1sp,hart_11,Accumulator,19982346000,0,292119,292119,292119,1,1
system_pxn0_pod0_core0_core,store_l1sp,hart_11,Accumulator,19982346000,0,160734,160734,160734,1,1
system_pxn0_pod0_core0_core,atomic_l1sp,hart_11,Accumulator,19982346000,0,0,0,0,0,0
system_pxn0_pod0_core0_core,load_l2sp,hart_11,Accumulator,19982346000,0,9851,9851,9851,1,1
system_pxn0_pod0_core0_core,store_l2sp,hart_11,Accumulator,19982346000,0,1044,1044,1044,1,1
system_pxn0_pod0_core0_core,atomic_l2sp,hart_11,Accumulator,19982346000,0,198,198,198,1,1
system_pxn0_pod0_core0_core,load_dram,hart_11,Accumulator,19982346000,0,19486,19486,19486,1,1
system_pxn0_pod0_core0_core,store_dram,hart_11,Accumulator,19982346000,0,1,1,1,1,1
system_pxn0_pod0_core0_core,atomic_dram,hart_11,Accumulator,19982346000,0,16399,16399,16399,1,1
system_pxn0_pod0_core0_core,load_remote_pxn,hart_11,Accumulator,19982346000,0,0,0,0,0,0
system_pxn0_pod0_core0_core,store_remote_pxn,hart_11,Accumulator,19982346000,0,0,0,0,0,0
system_pxn0_pod0_core0_core,atomic_remote_pxn,hart_11,Accumulator,19982346000,0,0,0,0,0,0
system_pxn0_pod0_core0_core,useful_load_l1sp,hart_11,Accumulator,19982346000,0,281152,281152,281152,1,1
system_pxn0_pod0_core0_core,useful_store_l1sp,hart_11,Accumulator,19982346000,0,150433,150433,150433,1,1
system_pxn0_pod0_core0_core,useful_atomic_l1sp,hart_11,Accumulator,19982346000,0,0,0,0,0,0
system_pxn0_pod0_core0_core,useful_load_l2sp,hart_11,Accumulator,19982346000,0,7632,7632,7632,1,1
system_pxn0_pod0_core0_core,useful_store_l2sp,hart_11,Accumulator,19982346000,0,1023,1023,1023,1,1
system_pxn0_pod0_core0_core,useful_atomic_l2sp,hart_11,Accumulator,19982346000,0,175,175,175,1,1
system_pxn0_pod0_core0_core,useful_load_dram,hart_11,Accumulator,19982346000,0,19456,19456,19456,1,1
system_pxn0_pod0_core0_core,useful_store_dram,hart_11,Accumulator,19982346000,0,0,0,0,0,0
system_pxn0_pod0_core0_core,useful_atomic_dram,hart_11,Accumulator,19982346000,0,16384,16384,16384,1,1
system_pxn0_pod0_core0_core,load_l1sp,hart_12,Accumulator,19982346000,0,291802,291802,291802,1,1
system_pxn0_pod0_core0_core,store_l1sp,hart_12,Accumulator,19982346000,0,160501,160501,160501,1,1
system_pxn0_pod0_core0_core,atomic_l1sp,hart_12,Accumulator,19982346000,0,0,0,0,0,0
system_pxn0_pod0_core0_core,load_l2sp,hart_12,Accumulator,19982346000,0,9828,9828,9828,1,1
system_pxn0_pod0_core0_core,store_l2sp,hart_12,Accumulator,19982346000,0,1046,1046,1046,1,1
system_pxn0_pod0_core0_core,atomic_l2sp,hart_12,Accumulator,19982346000,0,198,198,198,1,1
system_pxn0_pod0_core0_core,load_dram,hart_12,Accumulator,19982346000,0,19486,19486,19486,1,1
system_pxn0_pod0_core0_core,store_dram,hart_12,Accumulator,19982346000,0,1,1,1,1,1
system_pxn0_pod0_core0_core,atomic_dram,hart_12,Accumulator,19982346000,0,16400,16400,16400,1,1
system_pxn0_pod0_core0_core,load_remote_pxn,hart_12,Accumulator,19982346000,0,0,0,0,0,0
system_pxn0_pod0_core0_core,store_remote_pxn,hart_12,Accumulator,19982346000,0,0,0,0,0,0
system_pxn0_pod0_core0_core,atomic_remote_pxn,hart_12,Accumulator,19982346000,0,0,0,0,0,0
system_pxn0_pod0_core0_core,useful_load_l1sp,hart_12,Accumulator,19982346000,0,281196,281196,281196,1,1
system_pxn0_pod0_core0_core,useful_store_l1sp,hart_12,Accumulator,19982346000,0,150457,150457,150457,1,1
system_pxn0_pod0_core0_core,useful_atomic_l1sp,hart_12,Accumulator,19982346000,0,0,0,0,0,0
system_pxn0_pod0_core0_core,useful_load_l2sp,hart_12,Accumulator,19982346000,0,7636,7636,7636,1,1
system_pxn0_pod0_core0_core,useful_store_l2sp,hart_12,Accumulator,19982346000,0,1025,1025,1025,1,1
system_pxn0_pod0_core0_core,useful_atomic_l2sp,hart_12,Accumulator,19982346000,0,175,175,175,1,1
system_pxn0_pod0_core0_core,useful_load_dram,hart_12,Accumulator,19982346000,0,19456,19456,19456,1,1
system_pxn0_pod0_core0_core,useful_store_dram,hart_12,Accumulator,19982346000,0,0,0,0,0,0
system_pxn0_pod0_core0_core,useful_atomic_dram,hart_12,Accumulator,19982346000,0,16384,16384,16384,1,1
system_pxn0_pod0_core0_core,load_l1sp,hart_13,Accumulator,19982346000,0,295772,295772,295772,1,1
system_pxn0_pod0_core0_core,store_l1sp,hart_13,Accumulator,19982346000,0,162496,162496,162496,1,1
system_pxn0_pod0_core0_core,atomic_l1sp,hart_13,Accumulator,19982346000,0,0,0,0,0,0
system_pxn0_pod0_core0_core,load_l2sp,hart_13,Accumulator,19982346000,0,10067,10067,10067,1,1
system_pxn0_pod0_core0_core,store_l2sp,hart_13,Accumulator,19982346000,0,1182,1182,1182,1,1
system_pxn0_pod0_core0_core,atomic_l2sp,hart_13,Accumulator,19982346000,0,202,202,202,1,1
system_pxn0_pod0_core0_core,load_dram,hart_13,Accumulator,19982346000,0,19630,19630,19630,1,1
system_pxn0_pod0_core0_core,store_dram,hart_13,Accumulator,19982346000,0,1,1,1,1,1
system_pxn0_pod0_core0_core,atomic_dram,hart_13,Accumulator,19982346000,0,16529,16529,16529,1,1
system_pxn0_pod0_core0_core,load_remote_pxn,hart_13,Accumulator,19982346000,0,0,0,0,0,0
system_pxn0_pod0_core0_core,store_remote_pxn,hart_13,Accumulator,19982346000,0,0,0,0,0,0
system_pxn0_pod0_core0_core,atomic_remote_pxn,hart_13,Accumulator,19982346000,0,0,0,0,0,0
system_pxn0_pod0_core0_core,useful_load_l1sp,hart_13,Accumulator,19982346000,0,286200,286200,286200,1,1
system_pxn0_pod0_core0_core,useful_store_l1sp,hart_13,Accumulator,19982346000,0,153193,153193,153193,1,1
system_pxn0_pod0_core0_core,useful_atomic_l1sp,hart_13,Accumulator,19982346000,0,0,0,0,0,0
system_pxn0_pod0_core0_core,useful_load_l2sp,hart_13,Accumulator,19982346000,0,7948,7948,7948,1,1
system_pxn0_pod0_core0_core,useful_store_l2sp,hart_13,Accumulator,19982346000,0,1161,1161,1161,1,1
system_pxn0_pod0_core0_core,useful_atomic_l2sp,hart_13,Accumulator,19982346000,0,181,181,181,1,1
system_pxn0_pod0_core0_core,useful_load_dram,hart_13,Accumulator,19982346000,0,19600,19600,19600,1,1
system_pxn0_pod0_core0_core,useful_store_dram,hart_13,Accumulator,19982346000,0,0,0,0,0,0
system_pxn0_pod0_core0_core,useful_atomic_dram,hart_13,Accumulator,19982346000,0,16512,16512,16512,1,1
system_pxn0_pod0_core0_core,load_l1sp,hart_14,Accumulator,19982346000,0,290746,290746,290746,1,1
system_pxn0_pod0_core0_core,store_l1sp,hart_14,Accumulator,19982346000,0,160074,160074,160074,1,1
system_pxn0_pod0_core0_core,atomic_l1sp,hart_14,Accumulator,19982346000,0,0,0,0,0,0
system_pxn0_pod0_core0_core,load_l2sp,hart_14,Accumulator,19982346000,0,9857,9857,9857,1,1
system_pxn0_pod0_core0_core,store_l2sp,hart_14,Accumulator,19982346000,0,1050,1050,1050,1,1
system_pxn0_pod0_core0_core,atomic_l2sp,hart_14,Accumulator,19982346000,0,196,196,196,1,1
system_pxn0_pod0_core0_core,load_dram,hart_14,Accumulator,19982346000,0,19342,19342,19342,1,1
system_pxn0_pod0_core0_core,store_dram,hart_14,Accumulator,19982346000,0,1,1,1,1,1
system_pxn0_pod0_core0_core,atomic_dram,hart_14,Accumulator,19982346000,0,16274,16274,16274,1,1
system_pxn0_pod0_core0_core,load_remote_pxn,hart_14,Accumulator,19982346000,0,0,0,0,0,0
system_pxn0_pod0_core0_core,store_remote_pxn,hart_14,Accumulator,19982346000,0,0,0,0,0,0
system_pxn0_pod0_core0_core,atomic_remote_pxn,hart_14,Accumulator,19982346000,0,0,0,0,0,0
system_pxn0_pod0_core0_core,useful_load_l1sp,hart_14,Accumulator,19982346000,0,279357,279357,279357,1,1
system_pxn0_pod0_core0_core,useful_store_l1sp,hart_14,Accumulator,19982346000,0,149470,149470,149470,1,1
system_pxn0_pod0_core0_core,useful_atomic_l1sp,hart_14,Accumulator,19982346000,0,0,0,0,0,0
system_pxn0_pod0_core0_core,useful_load_l2sp,hart_14,Accumulator,19982346000,0,7610,7610,7610,1,1
system_pxn0_pod0_core0_core,useful_store_l2sp,hart_14,Accumulator,19982346000,0,1029,1029,1029,1,1
system_pxn0_pod0_core0_core,useful_atomic_l2sp,hart_14,Accumulator,19982346000,0,175,175,175,1,1
system_pxn0_pod0_core0_core,useful_load_dram,hart_14,Accumulator,19982346000,0,19312,19312,19312,1,1
system_pxn0_pod0_core0_core,useful_store_dram,hart_14,Accumulator,19982346000,0,0,0,0,0,0
system_pxn0_pod0_core0_core,useful_atomic_dram,hart_14,Accumulator,19982346000,0,16256,16256,16256,1,1
system_pxn0_pod0_core0_core,load_l1sp,hart_15,Accumulator,19982346000,0,291795,291795,291795,1,1
system_pxn0_pod0_core0_core,store_l1sp,hart_15,Accumulator,19982346000,0,160527,160527,160527,1,1
system_pxn0_pod0_core0_core,atomic_l1sp,hart_15,Accumulator,19982346000,0,0,0,0,0,0
system_pxn0_pod0_core0_core,load_l2sp,hart_15,Accumulator,19982346000,0,9820,9820,9820,1,1
system_pxn0_pod0_core0_core,store_l2sp,hart_15,Accumulator,19982346000,0,1039,1039,1039,1,1
system_pxn0_pod0_core0_core,atomic_l2sp,hart_15,Accumulator,19982346000,0,199,199,199,1,1
system_pxn0_pod0_core0_core,load_dram,hart_15,Accumulator,19982346000,0,19486,19486,19486,1,1
system_pxn0_pod0_core0_core,store_dram,hart_15,Accumulator,19982346000,0,1,1,1,1,1
system_pxn0_pod0_core0_core,atomic_dram,hart_15,Accumulator,19982346000,0,16403,16403,16403,1,1
system_pxn0_pod0_core0_core,load_remote_pxn,hart_15,Accumulator,19982346000,0,0,0,0,0,0
system_pxn0_pod0_core0_core,store_remote_pxn,hart_15,Accumulator,19982346000,0,0,0,0,0,0
system_pxn0_pod0_core0_core,atomic_remote_pxn,hart_15,Accumulator,19982346000,0,0,0,0,0,0
system_pxn0_pod0_core0_core,useful_load_l1sp,hart_15,Accumulator,19982346000,0,281053,281053,281053,1,1
system_pxn0_pod0_core0_core,useful_store_l1sp,hart_15,Accumulator,19982346000,0,150383,150383,150383,1,1
system_pxn0_pod0_core0_core,useful_atomic_l1sp,hart_15,Accumulator,19982346000,0,0,0,0,0,0
system_pxn0_pod0_core0_core,useful_load_l2sp,hart_15,Accumulator,19982346000,0,7623,7623,7623,1,1
system_pxn0_pod0_core0_core,useful_store_l2sp,hart_15,Accumulator,19982346000,0,1018,1018,1018,1,1
system_pxn0_pod0_core0_core,useful_atomic_l2sp,hart_15,Accumulator,19982346000,0,176,176,176,1,1
system_pxn0_pod0_core0_core,useful_load_dram,hart_15,Accumulator,19982346000,0,19456,19456,19456,1,1
system_pxn0_pod0_core0_core,useful_store_dram,hart_15,Accumulator,19982346000,0,0,0,0,0,0
system_pxn0_pod0_core0_core,useful_atomic_dram,hart_15,Accumulator,19982346000,0,16384,16384,16384,1,1
system_pxn0_pod0_core0_core,pgas_translations,,Accumulator,19982346000,0,0,0,0,0,0
system_pxn0_pod0_core0_core,l2sp_interarrival,,Accumulator,19982346000,0,0,0,0,0,0
system_pxn0_pod0_core0_core,busy_cycles,,Accumulator,19982346000,0,19878822,19878822,19878822,1,1
system_pxn0_pod0_core0_core,stall_cycles,,Accumulator,19982346000,0,84436,7129438096,1,84436,84436
system_pxn0_pod0_core0_core,icache_miss,,Accumulator,19982346000,0,48988,48988,48988,1,1
system_pxn0_pod0_core0_core,memory_wait_cycles,,Accumulator,19982346000,0,19087,19087,19087,1,1
system_pxn0_pod0_core0_core,active_idle_cycles,,Accumulator,19982346000,0,1,1,1,1,1
system_pxn0_pod0_core0_core,load_latency_total,,Accumulator,19982346000,0,49747421,2355386807,8005611,2,300
system_pxn0_pod0_core0_core,load_request_count,,Accumulator,19982346000,0,8005611,8005611,8005611,1,1
system_pxn0_pod0_core0_core,dram_load_latency_total,,Accumulator,19982346000,0,13314198,638464066,317146,34,300
system_pxn0_pod0_core0_core,dram_load_request_count,,Accumulator,19982346000,0,317146,317146,317146,1,1
system_pxn0_pod0_core0_core,useful_busy_cycles,,Accumulator,19982346000,0,18782918,18782918,18782918,1,1
system_pxn0_pod0_core0_core,useful_memory_wait_cycles,,Accumulator,19982346000,0,16300,16300,16300,1,1
system_pxn0_pod0_core0_core,useful_active_idle_cycles,,Accumulator,19982346000,0,0,0,0,0,0
system_pxn0_pod0_core0_core,useful_load_latency_total,,Accumulator,19982346000,0,48032989,2325980089,7624598,2,300
system_pxn0_pod0_core0_core,useful_load_request_count,,Accumulator,19982346000,0,7624598,7624598,7624598,1,1
system_pxn0_pod0_core0_core,useful_dram_load_latency_total,,Accumulator,19982346000,0,13100812,630647270,311296,34,300
system_pxn0_pod0_core0_core,useful_dram_load_request_count,,Accumulator,19982346000,0,311296,311296,311296,1,1
system_pxn0_pod0_core0_core,outstanding_requests_sum,,Accumulator,19982346000,0,57774675,292434863,17905816,1,80
system_pxn0_pod0_core0_core,useful_outstanding_requests_sum,,Accumulator,19982346000,0,56014468,284750452,17185114,1,16
system_pxn0_pod0_core0_core,dram_outstanding_requests_sum,,Accumulator,19982346000,0,13631344,39136150,7683431,1,16
system_pxn0_pod0_core0_core,useful_dram_outstanding_requests_sum,,Accumulator,19982346000,0,13442395,38888337,7505038,1,16
system_pxn0_pod0_l2sp0_memctrl,requests_received_GetS,,Accumulator,19982346000,0,22102,22102,22102,1,1
system_pxn0_pod0_l2sp0_memctrl,requests_received_GetSX,,Accumulator,19982346000,0,0,0,0,0,0
system_pxn0_pod0_l2sp0_memctrl,requests_received_GetX,,Accumulator,19982346000,0,0,0,0,0,0
system_pxn0_pod0_l2sp0_memctrl,requests_received_Write,,Accumulator,19982346000,0,4309,4309,4309,1,1
system_pxn0_pod0_l2sp0_memctrl,requests_received_PutM,,Accumulator,19982346000,0,0,0,0,0,0
system_pxn0_pod0_l2sp0_memctrl,outstanding_requests,,Accumulator,19982346000,0,144263,225741,19982346,0,6
system_pxn0_pod0_l2sp0_memctrl,latency_GetS,,Accumulator,19982346000,0,110513,552583,22102,5,6
system_pxn0_pod0_l2sp0_memctrl,latency_GetSX,,Accumulator,19982346000,0,0,0,0,0,0
system_pxn0_pod0_l2sp0_memctrl,latency_GetX,,Accumulator,19982346000,0,0,0,0,0,0
system_pxn0_pod0_l2sp0_memctrl,latency_Write,,Accumulator,19982346000,0,21545,107725,4309,5,5
system_pxn0_pod0_l2sp0_memctrl,latency_PutM,,Accumulator,19982346000,0,0,0,0,0,0
system_pxn0_pod0_l2sp0_memctrl,cycles_with_issue,,Accumulator,19982346000,0,28852,28852,28852,1,1
system_pxn0_pod0_l2sp0_memctrl,cycles_attempted_issue_but_rejected,,Accumulator,19982346000,0,0,0,0,0,0
system_pxn0_pod0_l2sp0_memctrl,total_cycles,,Accumulator,19982346000,0,19982346,399294151663716,1,19982346,19982346
system_pxn0_pod0_l2sp1_memctrl,requests_received_GetS,,Accumulator,19982346000,0,42689,42689,42689,1,1
system_pxn0_pod0_l2sp1_memctrl,requests_received_GetSX,,Accumulator,19982346000,0,0,0,0,0,0
system_pxn0_pod0_l2sp1_memctrl,requests_received_GetX,,Accumulator,19982346000,0,0,0,0,0,0
system_pxn0_pod0_l2sp1_memctrl,requests_received_Write,,Accumulator,19982346000,0,4351,4351,4351,1,1
system_pxn0_pod0_l2sp1_memctrl,requests_received_PutM,,Accumulator,19982346000,0,0,0,0,0,0
system_pxn0_pod0_l2sp1_memctrl,outstanding_requests,,Accumulator,19982346000,0,235371,395127,19982346,0,5
system_pxn0_pod0_l2sp1_memctrl,latency_GetS,,Accumulator,19982346000,0,213451,1067291,42689,5,6
system_pxn0_pod0_l2sp1_memctrl,latency_GetSX,,Accumulator,19982346000,0,0,0,0,0,0
system_pxn0_pod0_l2sp1_memctrl,latency_GetX,,Accumulator,19982346000,0,0,0,0,0,0
system_pxn0_pod0_l2sp1_memctrl,latency_Write,,Accumulator,19982346000,0,21755,108775,4351,5,5
system_pxn0_pod0_l2sp1_memctrl,latency_PutM,,Accumulator,19982346000,0,0,0,0,0,0
system_pxn0_pod0_l2sp1_memctrl,cycles_with_issue,,Accumulator,19982346000,0,47073,47073,47073,1,1
system_pxn0_pod0_l2sp1_memctrl,cycles_attempted_issue_but_rejected,,Accumulator,19982346000,0,0,0,0,0,0
system_pxn0_pod0_l2sp1_memctrl,total_cycles,,Accumulator,19982346000,0,19982346,399294151663716,1,19982346,19982346
system_pxn0_pod0_l2sp2_memctrl,requests_received_GetS,,Accumulator,19982346000,0,86255,86255,86255,1,1
system_pxn0_pod0_l2sp2_memctrl,requests_received_GetSX,,Accumulator,19982346000,0,0,0,0,0,0
system_pxn0_pod0_l2sp2_memctrl,requests_received_GetX,,Accumulator,19982346000,0,0,0,0,0,0
system_pxn0_pod0_l2sp2_memctrl,requests_received_Write,,Accumulator,19982346000,0,4309,4309,4309,1,1
system_pxn0_pod0_l2sp2_memctrl,requests_received_PutM,,Accumulator,19982346000,0,0,0,0,0,0
system_pxn0_pod0_l2sp2_memctrl,outstanding_requests,,Accumulator,19982346000,0,456435,493463,19982346,0,5
system_pxn0_pod0_l2sp2_memctrl,latency_GetS,,Accumulator,19982346000,0,431275,2156375,86255,5,5
system_pxn0_pod0_l2sp2_memctrl,latency_GetSX,,Accumulator,19982346000,0,0,0,0,0,0
system_pxn0_pod0_l2sp2_memctrl,latency_GetX,,Accumulator,19982346000,0,0,0,0,0,0
system_pxn0_pod0_l2sp2_memctrl,latency_Write,,Accumulator,19982346000,0,21545,107725,4309,5,5
system_pxn0_pod0_l2sp2_memctrl,latency_PutM,,Accumulator,19982346000,0,0,0,0,0,0
system_pxn0_pod0_l2sp2_memctrl,cycles_with_issue,,Accumulator,19982346000,0,91287,91287,91287,1,1
system_pxn0_pod0_l2sp2_memctrl,cycles_attempted_issue_but_rejected,,Accumulator,19982346000,0,0,0,0,0,0
system_pxn0_pod0_l2sp2_memctrl,total_cycles,,Accumulator,19982346000,0,19982346,399294151663716,1,19982346,19982346
system_pxn0_pod0_l2sp3_memctrl,requests_received_GetS,,Accumulator,19982346000,0,4678,4678,4678,1,1
system_pxn0_pod0_l2sp3_memctrl,requests_received_GetSX,,Accumulator,19982346000,0,0,0,0,0,0
system_pxn0_pod0_l2sp3_memctrl,requests_received_GetX,,Accumulator,19982346000,0,0,0,0,0,0
system_pxn0_pod0_l2sp3_memctrl,requests_received_Write,,Accumulator,19982346000,0,4274,4274,4274,1,1
system_pxn0_pod0_l2sp3_memctrl,requests_received_PutM,,Accumulator,19982346000,0,0,0,0,0,0
system_pxn0_pod0_l2sp3_memctrl,outstanding_requests,,Accumulator,19982346000,0,44760,45520,19982346,0,5
system_pxn0_pod0_l2sp3_memctrl,latency_GetS,,Accumulator,19982346000,0,23390,116950,4678,5,5
system_pxn0_pod0_l2sp3_memctrl,latency_GetSX,,Accumulator,19982346000,0,0,0,0,0,0
system_pxn0_pod0_l2sp3_memctrl,latency_GetX,,Accumulator,19982346000,0,0,0,0,0,0
system_pxn0_pod0_l2sp3_memctrl,latency_Write,,Accumulator,19982346000,0,21370,106850,4274,5,5
system_pxn0_pod0_l2sp3_memctrl,latency_PutM,,Accumulator,19982346000,0,0,0,0,0,0
system_pxn0_pod0_l2sp3_memctrl,cycles_with_issue,,Accumulator,19982346000,0,8952,8952,8952,1,1
system_pxn0_pod0_l2sp3_memctrl,cycles_attempted_issue_but_rejected,,Accumulator,19982346000,0,0,0,0,0,0
system_pxn0_pod0_l2sp3_memctrl,total_cycles,,Accumulator,19982346000,0,19982346,399294151663716,1,19982346,19982346
system_pxn0_dram0_s0_memctrl,requests_received_GetS,,Accumulator,19982346000,0,15595,15595,15595,1,1
system_pxn0_dram0_s0_memctrl,requests_received_GetSX,,Accumulator,19982346000,0,0,0,0,0,0
system_pxn0_dram0_s0_memctrl,requests_received_GetX,,Accumulator,19982346000,0,419,419,419,1,1
system_pxn0_dram0_s0_memctrl,requests_received_Write,,Accumulator,19982346000,0,0,0,0,0,0
system_pxn0_dram0_s0_memctrl,requests_received_PutM,,Accumulator,19982346000,0,422,422,422,1,1
system_pxn0_dram0_s0_memctrl,outstanding_requests,,Accumulator,19982346000,0,2408132,4634236,19982346,0,8
system_pxn0_dram0_s0_memctrl,latency_GetS,,Accumulator,19982346000,0,338917,15518021,15595,1,160
system_pxn0_dram0_s0_memctrl,latency_GetSX,,Accumulator,19982346000,0,0,0,0,0,0
system_pxn0_dram0_s0_memctrl,latency_GetX,,Accumulator,19982346000,0,7335,149171,419,17,119
system_pxn0_dram0_s0_memctrl,latency_Write,,Accumulator,19982346000,0,0,0,0,0,0
system_pxn0_dram0_s0_memctrl,latency_PutM,,Accumulator,19982346000,0,422,422,422,1,1
system_pxn0_dram0_s0_memctrl,cycles_with_issue,,Accumulator,19982346000,0,81191,81191,81191,1,1
system_pxn0_dram0_s0_memctrl,cycles_attempted_issue_but_rejected,,Accumulator,19982346000,0,0,0,0,0,0
system_pxn0_dram0_s0_memctrl,total_cycles,,Accumulator,19982346000,0,19982346,399294151663716,1,19982346,19982346
system_pxn0_dram0_s0_cache,stateEvent_GetS_I,,Accumulator,19982346000,0,15595,15595,15595,1,1
system_pxn0_dram0_s0_cache,stateEvent_GetS_S,,Accumulator,19982346000,0,0,0,0,0,0
system_pxn0_dram0_s0_cache,stateEvent_GetS_M,,Accumulator,19982346000,0,2036,2036,2036,1,1
system_pxn0_dram0_s0_cache,stateEvent_GetX_I,,Accumulator,19982346000,0,419,419,419,1,1
system_pxn0_dram0_s0_cache,stateEvent_GetX_S,,Accumulator,19982346000,0,0,0,0,0,0
system_pxn0_dram0_s0_cache,stateEvent_GetX_M,,Accumulator,19982346000,0,505,505,505,1,1
system_pxn0_dram0_s0_cache,stateEvent_GetSX_I,,Accumulator,19982346000,0,0,0,0,0,0
system_pxn0_dram0_s0_cache,stateEvent_GetSX_S,,Accumulator,19982346000,0,0,0,0,0,0
system_pxn0_dram0_s0_cache,stateEvent_GetSX_M,,Accumulator,19982346000,0,0,0,0,0,0
system_pxn0_dram0_s0_cache,stateEvent_GetSResp_IS,,Accumulator,19982346000,0,0,0,0,0,0
system_pxn0_dram0_s0_cache,stateEvent_GetXResp_IS,,Accumulator,19982346000,0,15595,15595,15595,1,1
system_pxn0_dram0_s0_cache,stateEvent_GetXResp_IM,,Accumulator,19982346000,0,419,419,419,1,1
system_pxn0_dram0_s0_cache,stateEvent_GetXResp_SM,,Accumulator,19982346000,0,0,0,0,0,0
system_pxn0_dram0_s0_cache,stateEvent_Inv_I,,Accumulator,19982346000,0,0,0,0,0,0
system_pxn0_dram0_s0_cache,stateEvent_Inv_S,,Accumulator,19982346000,0,0,0,0,0,0
system_pxn0_dram0_s0_cache,stateEvent_Inv_IS,,Accumulator,19982346000,0,0,0,0,0,0
system_pxn0_dram0_s0_cache,stateEvent_Inv_IM,,Accumulator,19982346000,0,0,0,0,0,0
system_pxn0_dram0_s0_cache,stateEvent_Inv_SM,,Accumulator,19982346000,0,0,0,0,0,0
system_pxn0_dram0_s0_cache,stateEvent_Inv_SB,,Accumulator,19982346000,0,0,0,0,0,0
system_pxn0_dram0_s0_cache,stateEvent_Inv_IB,,Accumulator,19982346000,0,0,0,0,0,0
system_pxn0_dram0_s0_cache,stateEvent_FetchInvX_I,,Accumulator,19982346000,0,0,0,0,0,0
system_pxn0_dram0_s0_cache,stateEvent_FetchInvX_M,,Accumulator,19982346000,0,0,0,0,0,0
system_pxn0_dram0_s0_cache,stateEvent_FetchInvX_IS,,Accumulator,19982346000,0,0,0,0,0,0
system_pxn0_dram0_s0_cache,stateEvent_FetchInvX_IM,,Accumulator,19982346000,0,0,0,0,0,0
system_pxn0_dram0_s0_cache,stateEvent_FetchInvX_SB,,Accumulator,19982346000,0,0,0,0,0,0
system_pxn0_dram0_s0_cache,stateEvent_FetchInvX_IB,,Accumulator,19982346000,0,0,0,0,0,0
system_pxn0_dram0_s0_cache,stateEvent_Fetch_I,,Accumulator,19982346000,0,0,0,0,0,0
system_pxn0_dram0_s0_cache,stateEvent_Fetch_S,,Accumulator,19982346000,0,0,0,0,0,0
system_pxn0_dram0_s0_cache,stateEvent_Fetch_IS,,Accumulator,19982346000,0,0,0,0,0,0
system_pxn0_dram0_s0_cache,stateEvent_Fetch_IM,,Accumulator,19982346000,0,0,0,0,0,0
system_pxn0_dram0_s0_cache,stateEvent_Fetch_SM,,Accumulator,19982346000,0,0,0,0,0,0
system_pxn0_dram0_s0_cache,stateEvent_Fetch_IB,,Accumulator,19982346000,0,0,0,0,0,0
system_pxn0_dram0_s0_cache,stateEvent_Fetch_SB,,Accumulator,19982346000,0,0,0,0,0,0
system_pxn0_dram0_s0_cache,stateEvent_FetchInv_I,,Accumulator,19982346000,0,0,0,0,0,0
system_pxn0_dram0_s0_cache,stateEvent_FetchInv_S,,Accumulator,19982346000,0,0,0,0,0,0
system_pxn0_dram0_s0_cache,stateEvent_FetchInv_M,,Accumulator,19982346000,0,13,13,13,1,1
system_pxn0_dram0_s0_cache,stateEvent_FetchInv_IS,,Accumulator,19982346000,0,0,0,0,0,0
system_pxn0_dram0_s0_cache,stateEvent_FetchInv_IM,,Accumulator,19982346000,0,0,0,0,0,0
system_pxn0_dram0_s0_cache,stateEvent_FetchInv_SM,,Accumulator,19982346000,0,0,0,0,0,0
system_pxn0_dram0_s0_cache,stateEvent_FetchInv_SB,,Accumulator,19982346000,0,0,0,0,0,0
system_pxn0_dram0_s0_cache,stateEvent_FetchInv_IB,,Accumulator,19982346000,0,0,0,0,0,0
system_pxn0_dram0_s0_cache,stateEvent_ForceInv_I,,Accumulator,19982346000,0,0,0,0,0,0
system_pxn0_dram0_s0_cache,stateEvent_ForceInv_S,,Accumulator,19982346000,0,0,0,0,0,0
system_pxn0_dram0_s0_cache,stateEvent_ForceInv_M,,Accumulator,19982346000,0,0,0,0,0,0
system_pxn0_dram0_s0_cache,stateEvent_ForceInv_IS,,Accumulator,19982346000,0,0,0,0,0,0
system_pxn0_dram0_s0_cache,stateEvent_ForceInv_IM,,Accumulator,19982346000,0,0,0,0,0,0
system_pxn0_dram0_s0_cache,stateEvent_ForceInv_SM,,Accumulator,19982346000,0,0,0,0,0,0
system_pxn0_dram0_s0_cache,stateEvent_ForceInv_SB,,Accumulator,19982346000,0,0,0,0,0,0
system_pxn0_dram0_s0_cache,stateEvent_ForceInv_IB,,Accumulator,19982346000,0,0,0,0,0,0
system_pxn0_dram0_s0_cache,stateEvent_FlushLine_I,,Accumulator,19982346000,0,0,0,0,0,0
system_pxn0_dram0_s0_cache,stateEvent_FlushLine_S,,Accumulator,19982346000,0,0,0,0,0,0
system_pxn0_dram0_s0_cache,stateEvent_FlushLine_M,,Accumulator,19982346000,0,0,0,0,0,0
system_pxn0_dram0_s0_cache,stateEvent_FlushLineInv_I,,Accumulator,19982346000,0,0,0,0,0,0
system_pxn0_dram0_s0_cache,stateEvent_FlushLineInv_S,,Accumulator,19982346000,0,0,0,0,0,0
system_pxn0_dram0_s0_cache,stateEvent_FlushLineInv_M,,Accumulator,19982346000,0,0,0,0,0,0
system_pxn0_dram0_s0_cache,stateEvent_FlushLineResp_I,,Accumulator,19982346000,0,0,0,0,0,0
system_pxn0_dram0_s0_cache,stateEvent_FlushLineResp_IB,,Accumulator,19982346000,0,0,0,0,0,0
system_pxn0_dram0_s0_cache,stateEvent_FlushLineResp_SB,,Accumulator,19982346000,0,0,0,0,0,0
system_pxn0_dram0_s0_cache,eventSent_GetS,,Accumulator,19982346000,0,15595,15595,15595,1,1
system_pxn0_dram0_s0_cache,eventSent_GetX,,Accumulator,19982346000,0,419,419,419,1,1
system_pxn0_dram0_s0_cache,eventSent_GetSX,,Accumulator,19982346000,0,0,0,0,0,0
system_pxn0_dram0_s0_cache,eventSent_Write,,Accumulator,19982346000,0,0,0,0,0,0
system_pxn0_dram0_s0_cache,eventSent_PutM,,Accumulator,19982346000,0,409,409,409,1,1
system_pxn0_dram0_s0_cache,eventSent_NACK,,Accumulator,19982346000,0,0,0,0,0,0
system_pxn0_dram0_s0_cache,eventSent_FlushLine,,Accumulator,19982346000,0,0,0,0,0,0
system_pxn0_dram0_s0_cache,eventSent_FlushLineInv,,Accumulator,19982346000,0,0,0,0,0,0
system_pxn0_dram0_s0_cache,eventSent_FetchResp,,Accumulator,19982346000,0,13,13,13,1,1
system_pxn0_dram0_s0_cache,eventSent_FetchXResp,,Accumulator,19982346000,0,0,0,0,0,0
system_pxn0_dram0_s0_cache,eventSent_AckInv,,Accumulator,19982346000,0,0,0,0,0,0
system_pxn0_dram0_s0_cache,eventSent_GetSResp,,Accumulator,19982346000,0,80369,80369,80369,1,1
system_pxn0_dram0_s0_cache,eventSent_GetXResp,,Accumulator,19982346000,0,0,0,0,0,0
system_pxn0_dram0_s0_cache,eventSent_WriteResp,,Accumulator,19982346000,0,933,933,933,1,1
system_pxn0_dram0_s0_cache,eventSent_FlushLineResp,,Accumulator,19982346000,0,0,0,0,0,0
system_pxn0_dram0_s0_cache,eventSent_Put,,Accumulator,19982346000,0,0,0,0,0,0
system_pxn0_dram0_s0_cache,eventSent_Get,,Accumulator,19982346000,0,0,0,0,0,0
system_pxn0_dram0_s0_cache,eventSent_AckMove,,Accumulator,19982346000,0,0,0,0,0,0
system_pxn0_dram0_s0_cache,eventSent_CustomReq,,Accumulator,19982346000,0,65238,65238,65238,1,1
system_pxn0_dram0_s0_cache,eventSent_CustomResp,,Accumulator,19982346000,0,65238,65238,65238,1,1
system_pxn0_dram0_s0_cache,eventSent_CustomAck,,Accumulator,19982346000,0,0,0,0,0,0
system_pxn0_dram0_s0_cache,EventStalledForLockedCacheline,,Accumulator,19982346000,0,0,0,0,0,0
system_pxn0_dram0_s0_cache,evict_I,,Accumulator,19982346000,0,179,179,179,1,1
system_pxn0_dram0_s0_cache,evict_S,,Accumulator,19982346000,0,0,0,0,0,0
system_pxn0_dram0_s0_cache,evict_M,,Accumulator,19982346000,0,409,409,409,1,1
system_pxn0_dram0_s0_cache,evict_IS,,Accumulator,19982346000,0,42,42,42,1,1
system_pxn0_dram0_s0_cache,evict_IM,,Accumulator,19982346000,0,0,0,0,0,0
system_pxn0_dram0_s0_cache,evict_SM,,Accumulator,19982346000,0,0,0,0,0,0
system_pxn0_dram0_s0_cache,evict_SB,,Accumulator,19982346000,0,0,0,0,0,0
system_pxn0_dram0_s0_cache,latency_GetS_hit,,Accumulator,19982346000,0,388648,2331920,64774,6,8
system_pxn0_dram0_s0_cache,latency_GetS_miss,,Accumulator,19982346000,0,557869,28131235,15595,15,174
system_pxn0_dram0_s0_cache,latency_GetX_hit,,Accumulator,19982346000,0,3084,18504,514,6,6
system_pxn0_dram0_s0_cache,latency_GetX_miss,,Accumulator,19982346000,0,13201,436675,419,31,133
system_pxn0_dram0_s0_cache,latency_GetX_upgrade,,Accumulator,19982346000,0,0,0,0,0,0
system_pxn0_dram0_s0_cache,latency_GetSX_hit,,Accumulator,19982346000,0,0,0,0,0,0
system_pxn0_dram0_s0_cache,latency_GetSX_miss,,Accumulator,19982346000,0,0,0,0,0,0
system_pxn0_dram0_s0_cache,latency_GetSX_upgrade,,Accumulator,19982346000,0,0,0,0,0,0
system_pxn0_dram0_s0_cache,latency_FlushLine,,Accumulator,19982346000,0,0,0,0,0,0
system_pxn0_dram0_s0_cache,latency_FlushLine_fail,,Accumulator,19982346000,0,0,0,0,0,0
system_pxn0_dram0_s0_cache,latency_FlushLineInv,,Accumulator,19982346000,0,0,0,0,0,0
system_pxn0_dram0_s0_cache,latency_FlushLineInv_fail,,Accumulator,19982346000,0,0,0,0,0,0
system_pxn0_dram0_s0_cache,GetSHit_Arrival,,Accumulator,19982346000,0,64774,64774,64774,1,1
system_pxn0_dram0_s0_cache,GetXHit_Arrival,,Accumulator,19982346000,0,514,514,514,1,1
system_pxn0_dram0_s0_cache,GetSXHit_Arrival,,Accumulator,19982346000,0,0,0,0,0,0
system_pxn0_dram0_s0_cache,GetSHit_Blocked,,Accumulator,19982346000,0,0,0,0,0,0
system_pxn0_dram0_s0_cache,GetXHit_Blocked,,Accumulator,19982346000,0,0,0,0,0,0
system_pxn0_dram0_s0_cache,GetSXHit_Blocked,,Accumulator,19982346000,0,0,0,0,0,0
system_pxn0_dram0_s0_cache,GetSMiss_Arrival,,Accumulator,19982346000,0,15579,15579,15579,1,1
system_pxn0_dram0_s0_cache,GetXMiss_Arrival,,Accumulator,19982346000,0,419,419,419,1,1
system_pxn0_dram0_s0_cache,GetSXMiss_Arrival,,Accumulator,19982346000,0,0,0,0,0,0
system_pxn0_dram0_s0_cache,GetSMiss_Blocked,,Accumulator,19982346000,0,16,16,16,1,1
system_pxn0_dram0_s0_cache,GetXMiss_Blocked,,Accumulator,19982346000,0,0,0,0,0,0
system_pxn0_dram0_s0_cache,GetSXMiss_Blocked,,Accumulator,19982346000,0,0,0,0,0,0
system_pxn0_dram0_s0_cache,CacheHits,,Accumulator,19982346000,0,65288,65288,65288,1,1
system_pxn0_dram0_s0_cache,CacheMisses,,Accumulator,19982346000,0,16014,16014,16014,1,1
system_pxn0_dram0_s0_cache,stateEvent_AckPut_I,,Accumulator,19982346000,0,0,0,0,0,0
system_pxn0_dram0_s0_cache,eventSent_PutS,,Accumulator,19982346000,0,0,0,0,0,0
system_pxn0_dram0_s0_cache,eventSent_PutE,,Accumulator,19982346000,0,15464,15464,15464,1,1
system_pxn0_dram0_s0_cache,stateEvent_GetS_E,,Accumulator,19982346000,0,62738,62738,62738,1,1
system_pxn0_dram0_s0_cache,stateEvent_GetX_E,,Accumulator,19982346000,0,9,9,9,1,1
system_pxn0_dram0_s0_cache,stateEvent_GetSX_E,,Accumulator,19982346000,0,0,0,0,0,0
system_pxn0_dram0_s0_cache,stateEvent_FlushLine_E,,Accumulator,19982346000,0,0,0,0,0,0
system_pxn0_dram0_s0_cache,stateEvent_FlushLineInv_E,,Accumulator,19982346000,0,0,0,0,0,0
system_pxn0_dram0_s0_cache,stateEvent_FetchInv_E,,Accumulator,19982346000,0,0,0,0,0,0
system_pxn0_dram0_s0_cache,stateEvent_ForceInv_E,,Accumulator,19982346000,0,0,0,0,0,0
system_pxn0_dram0_s0_cache,stateEvent_FetchInvX_E,,Accumulator,19982346000,0,0,0,0,0,0
system_pxn0_dram0_s0_cache,evict_E,,Accumulator,19982346000,0,15464,15464,15464,1,1
system_pxn0_dram0_s0_cache,TotalEventsReceived,,Accumulator,19982346000,0,227805,227805,227805,1,1
system_pxn0_dram0_s0_cache,TotalEventsReplayed,,Accumulator,19982346000,0,80,80,80,1,1
system_pxn0_dram0_s0_cache,MSHR_occupancy,,Accumulator,19982346000,0,474986,684434,19982346,0,13
system_pxn0_dram0_s0_cache,Bank_conflicts,,Accumulator,19982346000,0,0,0,0,0,0
system_pxn0_dram0_s1_memctrl,requests_received_GetS,,Accumulator,19982346000,0,15689,15689,15689,1,1
system_pxn0_dram0_s1_memctrl,requests_received_GetSX,,Accumulator,19982346000,0,0,0,0,0,0
system_pxn0_dram0_s1_memctrl,requests_received_GetX,,Accumulator,19982346000,0,430,430,430,1,1
system_pxn0_dram0_s1_memctrl,requests_received_Write,,Accumulator,19982346000,0,0,0,0,0,0
system_pxn0_dram0_s1_memctrl,requests_received_PutM,,Accumulator,19982346000,0,496,496,496,1,1
system_pxn0_dram0_s1_memctrl,outstanding_requests,,Accumulator,19982346000,0,2424930,4657734,19982346,0,9
system_pxn0_dram0_s1_memctrl,latency_GetS,,Accumulator,19982346000,0,342423,16081821,15689,1,256
system_pxn0_dram0_s1_memctrl,latency_GetSX,,Accumulator,19982346000,0,0,0,0,0,0
system_pxn0_dram0_s1_memctrl,latency_GetX,,Accumulator,19982346000,0,8771,348205,430,1,140
system_pxn0_dram0_s1_memctrl,latency_Write,,Accumulator,19982346000,0,0,0,0,0,0
system_pxn0_dram0_s1_memctrl,latency_PutM,,Accumulator,19982346000,0,496,496,496,1,1
system_pxn0_dram0_s1_memctrl,cycles_with_issue,,Accumulator,19982346000,0,82366,82366,82366,1,1
system_pxn0_dram0_s1_memctrl,cycles_attempted_issue_but_rejected,,Accumulator,19982346000,0,0,0,0,0,0
system_pxn0_dram0_s1_memctrl,total_cycles,,Accumulator,19982346000,0,19982346,399294151663716,1,19982346,19982346
system_pxn0_dram0_s1_cache,stateEvent_GetS_I,,Accumulator,19982346000,0,15689,15689,15689,1,1
system_pxn0_dram0_s1_cache,stateEvent_GetS_S,,Accumulator,19982346000,0,0,0,0,0,0
system_pxn0_dram0_s1_cache,stateEvent_GetS_M,,Accumulator,19982346000,0,454,454,454,1,1
system_pxn0_dram0_s1_cache,stateEvent_GetX_I,,Accumulator,19982346000,0,430,430,430,1,1
system_pxn0_dram0_s1_cache,stateEvent_GetX_S,,Accumulator,19982346000,0,0,0,0,0,0
system_pxn0_dram0_s1_cache,stateEvent_GetX_M,,Accumulator,19982346000,0,38,38,38,1,1
system_pxn0_dram0_s1_cache,stateEvent_GetSX_I,,Accumulator,19982346000,0,0,0,0,0,0
system_pxn0_dram0_s1_cache,stateEvent_GetSX_S,,Accumulator,19982346000,0,0,0,0,0,0
system_pxn0_dram0_s1_cache,stateEvent_GetSX_M,,Accumulator,19982346000,0,0,0,0,0,0
system_pxn0_dram0_s1_cache,stateEvent_GetSResp_IS,,Accumulator,19982346000,0,0,0,0,0,0
system_pxn0_dram0_s1_cache,stateEvent_GetXResp_IS,,Accumulator,19982346000,0,15689,15689,15689,1,1
system_pxn0_dram0_s1_cache,stateEvent_GetXResp_IM,,Accumulator,19982346000,0,430,430,430,1,1
system_pxn0_dram0_s1_cache,stateEvent_GetXResp_SM,,Accumulator,19982346000,0,0,0,0,0,0
system_pxn0_dram0_s1_cache,stateEvent_Inv_I,,Accumulator,19982346000,0,0,0,0,0,0
system_pxn0_dram0_s1_cache,stateEvent_Inv_S,,Accumulator,19982346000,0,0,0,0,0,0
system_pxn0_dram0_s1_cache,stateEvent_Inv_IS,,Accumulator,19982346000,0,0,0,0,0,0
system_pxn0_dram0_s1_cache,stateEvent_Inv_IM,,Accumulator,19982346000,0,0,0,0,0,0
system_pxn0_dram0_s1_cache,stateEvent_Inv_SM,,Accumulator,19982346000,0,0,0,0,0,0
system_pxn0_dram0_s1_cache,stateEvent_Inv_SB,,Accumulator,19982346000,0,0,0,0,0,0
system_pxn0_dram0_s1_cache,stateEvent_Inv_IB,,Accumulator,19982346000,0,0,0,0,0,0
system_pxn0_dram0_s1_cache,stateEvent_FetchInvX_I,,Accumulator,19982346000,0,0,0,0,0,0
system_pxn0_dram0_s1_cache,stateEvent_FetchInvX_M,,Accumulator,19982346000,0,0,0,0,0,0
system_pxn0_dram0_s1_cache,stateEvent_FetchInvX_IS,,Accumulator,19982346000,0,0,0,0,0,0
system_pxn0_dram0_s1_cache,stateEvent_FetchInvX_IM,,Accumulator,19982346000,0,0,0,0,0,0
system_pxn0_dram0_s1_cache,stateEvent_FetchInvX_SB,,Accumulator,19982346000,0,0,0,0,0,0
system_pxn0_dram0_s1_cache,stateEvent_FetchInvX_IB,,Accumulator,19982346000,0,0,0,0,0,0
system_pxn0_dram0_s1_cache,stateEvent_Fetch_I,,Accumulator,19982346000,0,0,0,0,0,0
system_pxn0_dram0_s1_cache,stateEvent_Fetch_S,,Accumulator,19982346000,0,0,0,0,0,0
system_pxn0_dram0_s1_cache,stateEvent_Fetch_IS,,Accumulator,19982346000,0,0,0,0,0,0
system_pxn0_dram0_s1_cache,stateEvent_Fetch_IM,,Accumulator,19982346000,0,0,0,0,0,0
system_pxn0_dram0_s1_cache,stateEvent_Fetch_SM,,Accumulator,19982346000,0,0,0,0,0,0
system_pxn0_dram0_s1_cache,stateEvent_Fetch_IB,,Accumulator,19982346000,0,0,0,0,0,0
system_pxn0_dram0_s1_cache,stateEvent_Fetch_SB,,Accumulator,19982346000,0,0,0,0,0,0
system_pxn0_dram0_s1_cache,stateEvent_FetchInv_I,,Accumulator,19982346000,0,0,0,0,0,0
system_pxn0_dram0_s1_cache,stateEvent_FetchInv_S,,Accumulator,19982346000,0,0,0,0,0,0
system_pxn0_dram0_s1_cache,stateEvent_FetchInv_M,,Accumulator,19982346000,0,90,90,90,1,1
system_pxn0_dram0_s1_cache,stateEvent_FetchInv_IS,,Accumulator,19982346000,0,0,0,0,0,0
system_pxn0_dram0_s1_cache,stateEvent_FetchInv_IM,,Accumulator,19982346000,0,0,0,0,0,0
system_pxn0_dram0_s1_cache,stateEvent_FetchInv_SM,,Accumulator,19982346000,0,0,0,0,0,0
system_pxn0_dram0_s1_cache,stateEvent_FetchInv_SB,,Accumulator,19982346000,0,0,0,0,0,0
system_pxn0_dram0_s1_cache,stateEvent_FetchInv_IB,,Accumulator,19982346000,0,0,0,0,0,0
system_pxn0_dram0_s1_cache,stateEvent_ForceInv_I,,Accumulator,19982346000,0,0,0,0,0,0
system_pxn0_dram0_s1_cache,stateEvent_ForceInv_S,,Accumulator,19982346000,0,0,0,0,0,0
system_pxn0_dram0_s1_cache,stateEvent_ForceInv_M,,Accumulator,19982346000,0,0,0,0,0,0
system_pxn0_dram0_s1_cache,stateEvent_ForceInv_IS,,Accumulator,19982346000,0,0,0,0,0,0
system_pxn0_dram0_s1_cache,stateEvent_ForceInv_IM,,Accumulator,19982346000,0,0,0,0,0,0
system_pxn0_dram0_s1_cache,stateEvent_ForceInv_SM,,Accumulator,19982346000,0,0,0,0,0,0
system_pxn0_dram0_s1_cache,stateEvent_ForceInv_SB,,Accumulator,19982346000,0,0,0,0,0,0
system_pxn0_dram0_s1_cache,stateEvent_ForceInv_IB,,Accumulator,19982346000,0,0,0,0,0,0
system_pxn0_dram0_s1_cache,stateEvent_FlushLine_I,,Accumulator,19982346000,0,0,0,0,0,0
system_pxn0_dram0_s1_cache,stateEvent_FlushLine_S,,Accumulator,19982346000,0,0,0,0,0,0
system_pxn0_dram0_s1_cache,stateEvent_FlushLine_M,,Accumulator,19982346000,0,0,0,0,0,0
system_pxn0_dram0_s1_cache,stateEvent_FlushLineInv_I,,Accumulator,19982346000,0,0,0,0,0,0
system_pxn0_dram0_s1_cache,stateEvent_FlushLineInv_S,,Accumulator,19982346000,0,0,0,0,0,0
system_pxn0_dram0_s1_cache,stateEvent_FlushLineInv_M,,Accumulator,19982346000,0,0,0,0,0,0
system_pxn0_dram0_s1_cache,stateEvent_FlushLineResp_I,,Accumulator,19982346000,0,0,0,0,0,0
system_pxn0_dram0_s1_cache,stateEvent_FlushLineResp_IB,,Accumulator,19982346000,0,0,0,0,0,0
system_pxn0_dram0_s1_cache,stateEvent_FlushLineResp_SB,,Accumulator,19982346000,0,0,0,0,0,0
system_pxn0_dram0_s1_cache,eventSent_GetS,,Accumulator,19982346000,0,15689,15689,15689,1,1
system_pxn0_dram0_s1_cache,eventSent_GetX,,Accumulator,19982346000,0,430,430,430,1,1
system_pxn0_dram0_s1_cache,eventSent_GetSX,,Accumulator,19982346000,0,0,0,0,0,0
system_pxn0_dram0_s1_cache,eventSent_Write,,Accumulator,19982346000,0,0,0,0,0,0
system_pxn0_dram0_s1_cache,eventSent_PutM,,Accumulator,19982346000,0,406,406,406,1,1
system_pxn0_dram0_s1_cache,eventSent_NACK,,Accumulator,19982346000,0,0,0,0,0,0
system_pxn0_dram0_s1_cache,eventSent_FlushLine,,Accumulator,19982346000,0,0,0,0,0,0
system_pxn0_dram0_s1_cache,eventSent_FlushLineInv,,Accumulator,19982346000,0,0,0,0,0,0
system_pxn0_dram0_s1_cache,eventSent_FetchResp,,Accumulator,19982346000,0,114,114,114,1,1
system_pxn0_dram0_s1_cache,eventSent_FetchXResp,,Accumulator,19982346000,0,0,0,0,0,0
system_pxn0_dram0_s1_cache,eventSent_AckInv,,Accumulator,19982346000,0,0,0,0,0,0
system_pxn0_dram0_s1_cache,eventSent_GetSResp,,Accumulator,19982346000,0,78938,78938,78938,1,1
system_pxn0_dram0_s1_cache,eventSent_GetXResp,,Accumulator,19982346000,0,0,0,0,0,0
system_pxn0_dram0_s1_cache,eventSent_WriteResp,,Accumulator,19982346000,0,539,539,539,1,1
system_pxn0_dram0_s1_cache,eventSent_FlushLineResp,,Accumulator,19982346000,0,0,0,0,0,0
system_pxn0_dram0_s1_cache,eventSent_Put,,Accumulator,19982346000,0,0,0,0,0,0
system_pxn0_dram0_s1_cache,eventSent_Get,,Accumulator,19982346000,0,0,0,0,0,0
system_pxn0_dram0_s1_cache,eventSent_AckMove,,Accumulator,19982346000,0,0,0,0,0,0
system_pxn0_dram0_s1_cache,eventSent_CustomReq,,Accumulator,19982346000,0,66231,66231,66231,1,1
system_pxn0_dram0_s1_cache,eventSent_CustomResp,,Accumulator,19982346000,0,66231,66231,66231,1,1
system_pxn0_dram0_s1_cache,eventSent_CustomAck,,Accumulator,19982346000,0,0,0,0,0,0
system_pxn0_dram0_s1_cache,EventStalledForLockedCacheline,,Accumulator,19982346000,0,0,0,0,0,0
system_pxn0_dram0_s1_cache,evict_I,,Accumulator,19982346000,0,180,180,180,1,1
system_pxn0_dram0_s1_cache,evict_S,,Accumulator,19982346000,0,0,0,0,0,0
system_pxn0_dram0_s1_cache,evict_M,,Accumulator,19982346000,0,406,406,406,1,1
system_pxn0_dram0_s1_cache,evict_IS,,Accumulator,19982346000,0,37,37,37,1,1
system_pxn0_dram0_s1_cache,evict_IM,,Accumulator,19982346000,0,0,0,0,0,0
system_pxn0_dram0_s1_cache,evict_SM,,Accumulator,19982346000,0,0,0,0,0,0
system_pxn0_dram0_s1_cache,evict_SB,,Accumulator,19982346000,0,0,0,0,0,0
system_pxn0_dram0_s1_cache,latency_GetS_hit,,Accumulator,19982346000,0,379544,2278286,63249,6,30
system_pxn0_dram0_s1_cache,latency_GetS_miss,,Accumulator,19982346000,0,562574,28795360,15689,15,270
system_pxn0_dram0_s1_cache,latency_GetX_hit,,Accumulator,19982346000,0,657,3969,109,6,9
system_pxn0_dram0_s1_cache,latency_GetX_miss,,Accumulator,19982346000,0,14798,678332,430,15,154
system_pxn0_dram0_s1_cache,latency_GetX_upgrade,,Accumulator,19982346000,0,0,0,0,0,0
system_pxn0_dram0_s1_cache,latency_GetSX_hit,,Accumulator,19982346000,0,0,0,0,0,0
system_pxn0_dram0_s1_cache,latency_GetSX_miss,,Accumulator,19982346000,0,0,0,0,0,0
system_pxn0_dram0_s1_cache,latency_GetSX_upgrade,,Accumulator,19982346000,0,0,0,0,0,0
system_pxn0_dram0_s1_cache,latency_FlushLine,,Accumulator,19982346000,0,0,0,0,0,0
system_pxn0_dram0_s1_cache,latency_FlushLine_fail,,Accumulator,19982346000,0,0,0,0,0,0
system_pxn0_dram0_s1_cache,latency_FlushLineInv,,Accumulator,19982346000,0,0,0,0,0,0
system_pxn0_dram0_s1_cache,latency_FlushLineInv_fail,,Accumulator,19982346000,0,0,0,0,0,0
system_pxn0_dram0_s1_cache,GetSHit_Arrival,,Accumulator,19982346000,0,63247,63247,63247,1,1
system_pxn0_dram0_s1_cache,GetXHit_Arrival,,Accumulator,19982346000,0,109,109,109,1,1
system_pxn0_dram0_s1_cache,GetSXHit_Arrival,,Accumulator,19982346000,0,0,0,0,0,0
system_pxn0_dram0_s1_cache,GetSHit_Blocked,,Accumulator,19982346000,0,2,2,2,1,1
system_pxn0_dram0_s1_cache,GetXHit_Blocked,,Accumulator,19982346000,0,0,0,0,0,0
system_pxn0_dram0_s1_cache,GetSXHit_Blocked,,Accumulator,19982346000,0,0,0,0,0,0
system_pxn0_dram0_s1_cache,GetSMiss_Arrival,,Accumulator,19982346000,0,15678,15678,15678,1,1
system_pxn0_dram0_s1_cache,GetXMiss_Arrival,,Accumulator,19982346000,0,430,430,430,1,1
system_pxn0_dram0_s1_cache,GetSXMiss_Arrival,,Accumulator,19982346000,0,0,0,0,0,0
system_pxn0_dram0_s1_cache,GetSMiss_Blocked,,Accumulator,19982346000,0,11,11,11,1,1
system_pxn0_dram0_s1_cache,GetXMiss_Blocked,,Accumulator,19982346000,0,0,0,0,0,0
system_pxn0_dram0_s1_cache,GetSXMiss_Blocked,,Accumulator,19982346000,0,0,0,0,0,0
system_pxn0_dram0_s1_cache,CacheHits,,Accumulator,19982346000,0,63358,63358,63358,1,1
system_pxn0_dram0_s1_cache,CacheMisses,,Accumulator,19982346000,0,16119,16119,16119,1,1
system_pxn0_dram0_s1_cache,stateEvent_AckPut_I,,Accumulator,19982346000,0,0,0,0,0,0
system_pxn0_dram0_s1_cache,eventSent_PutS,,Accumulator,19982346000,0,0,0,0,0,0
system_pxn0_dram0_s1_cache,eventSent_PutE,,Accumulator,19982346000,0,15471,15471,15471,1,1
system_pxn0_dram0_s1_cache,stateEvent_GetS_E,,Accumulator,19982346000,0,62795,62795,62795,1,1
system_pxn0_dram0_s1_cache,stateEvent_GetX_E,,Accumulator,19982346000,0,71,71,71,1,1
system_pxn0_dram0_s1_cache,stateEvent_GetSX_E,,Accumulator,19982346000,0,0,0,0,0,0
system_pxn0_dram0_s1_cache,stateEvent_FlushLine_E,,Accumulator,19982346000,0,0,0,0,0,0
system_pxn0_dram0_s1_cache,stateEvent_FlushLineInv_E,,Accumulator,19982346000,0,0,0,0,0,0
system_pxn0_dram0_s1_cache,stateEvent_FetchInv_E,,Accumulator,19982346000,0,24,24,24,1,1
system_pxn0_dram0_s1_cache,stateEvent_ForceInv_E,,Accumulator,19982346000,0,0,0,0,0,0
system_pxn0_dram0_s1_cache,stateEvent_FetchInvX_E,,Accumulator,19982346000,0,0,0,0,0,0
system_pxn0_dram0_s1_cache,evict_E,,Accumulator,19982346000,0,15471,15471,15471,1,1
system_pxn0_dram0_s1_cache,TotalEventsReceived,,Accumulator,19982346000,0,228172,228172,228172,1,1
system_pxn0_dram0_s1_cache,TotalEventsReplayed,,Accumulator,19982346000,0,70,70,70,1,1
system_pxn0_dram0_s1_cache,MSHR_occupancy,,Accumulator,19982346000,0,480686,686154,19982346,0,14
system_pxn0_dram0_s1_cache,Bank_conflicts,,Accumulator,19982346000,0,0,0,0,0,0
system_pxn0_dram0_s2_memctrl,requests_received_GetS,,Accumulator,19982346000,0,15607,15607,15607,1,1
system_pxn0_dram0_s2_memctrl,requests_received_GetSX,,Accumulator,19982346000,0,0,0,0,0,0
system_pxn0_dram0_s2_memctrl,requests_received_GetX,,Accumulator,19982346000,0,427,427,427,1,1
system_pxn0_dram0_s2_memctrl,requests_received_Write,,Accumulator,19982346000,0,0,0,0,0,0
system_pxn0_dram0_s2_memctrl,requests_received_PutM,,Accumulator,19982346000,0,428,428,428,1,1
system_pxn0_dram0_s2_memctrl,outstanding_requests,,Accumulator,19982346000,0,2430089,4729783,19982346,0,8
system_pxn0_dram0_s2_memctrl,latency_GetS,,Accumulator,19982346000,0,347642,16535634,15607,1,171
system_pxn0_dram0_s2_memctrl,latency_GetSX,,Accumulator,19982346000,0,0,0,0,0,0
system_pxn0_dram0_s2_memctrl,latency_GetX,,Accumulator,19982346000,0,7462,165450,427,1,135
system_pxn0_dram0_s2_memctrl,latency_Write,,Accumulator,19982346000,0,0,0,0,0,0
system_pxn0_dram0_s2_memctrl,latency_PutM,,Accumulator,19982346000,0,428,428,428,1,1
system_pxn0_dram0_s2_memctrl,cycles_with_issue,,Accumulator,19982346000,0,81690,81690,81690,1,1
system_pxn0_dram0_s2_memctrl,cycles_attempted_issue_but_rejected,,Accumulator,19982346000,0,0,0,0,0,0
system_pxn0_dram0_s2_memctrl,total_cycles,,Accumulator,19982346000,0,19982346,399294151663716,1,19982346,19982346
system_pxn0_dram0_s2_cache,stateEvent_GetS_I,,Accumulator,19982346000,0,15607,15607,15607,1,1
system_pxn0_dram0_s2_cache,stateEvent_GetS_S,,Accumulator,19982346000,0,0,0,0,0,0
system_pxn0_dram0_s2_cache,stateEvent_GetS_M,,Accumulator,19982346000,0,547,547,547,1,1
system_pxn0_dram0_s2_cache,stateEvent_GetX_I,,Accumulator,19982346000,0,427,427,427,1,1
system_pxn0_dram0_s2_cache,stateEvent_GetX_S,,Accumulator,19982346000,0,0,0,0,0,0
system_pxn0_dram0_s2_cache,stateEvent_GetX_M,,Accumulator,19982346000,0,602,602,602,1,1
system_pxn0_dram0_s2_cache,stateEvent_GetSX_I,,Accumulator,19982346000,0,0,0,0,0,0
system_pxn0_dram0_s2_cache,stateEvent_GetSX_S,,Accumulator,19982346000,0,0,0,0,0,0
system_pxn0_dram0_s2_cache,stateEvent_GetSX_M,,Accumulator,19982346000,0,0,0,0,0,0
system_pxn0_dram0_s2_cache,stateEvent_GetSResp_IS,,Accumulator,19982346000,0,0,0,0,0,0
system_pxn0_dram0_s2_cache,stateEvent_GetXResp_IS,,Accumulator,19982346000,0,15607,15607,15607,1,1
system_pxn0_dram0_s2_cache,stateEvent_GetXResp_IM,,Accumulator,19982346000,0,427,427,427,1,1
system_pxn0_dram0_s2_cache,stateEvent_GetXResp_SM,,Accumulator,19982346000,0,0,0,0,0,0
system_pxn0_dram0_s2_cache,stateEvent_Inv_I,,Accumulator,19982346000,0,0,0,0,0,0
system_pxn0_dram0_s2_cache,stateEvent_Inv_S,,Accumulator,19982346000,0,0,0,0,0,0
system_pxn0_dram0_s2_cache,stateEvent_Inv_IS,,Accumulator,19982346000,0,0,0,0,0,0
system_pxn0_dram0_s2_cache,stateEvent_Inv_IM,,Accumulator,19982346000,0,0,0,0,0,0
system_pxn0_dram0_s2_cache,stateEvent_Inv_SM,,Accumulator,19982346000,0,0,0,0,0,0
system_pxn0_dram0_s2_cache,stateEvent_Inv_SB,,Accumulator,19982346000,0,0,0,0,0,0
system_pxn0_dram0_s2_cache,stateEvent_Inv_IB,,Accumulator,19982346000,0,0,0,0,0,0
system_pxn0_dram0_s2_cache,stateEvent_FetchInvX_I,,Accumulator,19982346000,0,0,0,0,0,0
system_pxn0_dram0_s2_cache,stateEvent_FetchInvX_M,,Accumulator,19982346000,0,0,0,0,0,0
system_pxn0_dram0_s2_cache,stateEvent_FetchInvX_IS,,Accumulator,19982346000,0,0,0,0,0,0
system_pxn0_dram0_s2_cache,stateEvent_FetchInvX_IM,,Accumulator,19982346000,0,0,0,0,0,0
system_pxn0_dram0_s2_cache,stateEvent_FetchInvX_SB,,Accumulator,19982346000,0,0,0,0,0,0
system_pxn0_dram0_s2_cache,stateEvent_FetchInvX_IB,,Accumulator,19982346000,0,0,0,0,0,0
system_pxn0_dram0_s2_cache,stateEvent_Fetch_I,,Accumulator,19982346000,0,0,0,0,0,0
system_pxn0_dram0_s2_cache,stateEvent_Fetch_S,,Accumulator,19982346000,0,0,0,0,0,0
system_pxn0_dram0_s2_cache,stateEvent_Fetch_IS,,Accumulator,19982346000,0,0,0,0,0,0
system_pxn0_dram0_s2_cache,stateEvent_Fetch_IM,,Accumulator,19982346000,0,0,0,0,0,0
system_pxn0_dram0_s2_cache,stateEvent_Fetch_SM,,Accumulator,19982346000,0,0,0,0,0,0
system_pxn0_dram0_s2_cache,stateEvent_Fetch_IB,,Accumulator,19982346000,0,0,0,0,0,0
system_pxn0_dram0_s2_cache,stateEvent_Fetch_SB,,Accumulator,19982346000,0,0,0,0,0,0
system_pxn0_dram0_s2_cache,stateEvent_FetchInv_I,,Accumulator,19982346000,0,0,0,0,0,0
system_pxn0_dram0_s2_cache,stateEvent_FetchInv_S,,Accumulator,19982346000,0,0,0,0,0,0
system_pxn0_dram0_s2_cache,stateEvent_FetchInv_M,,Accumulator,19982346000,0,21,21,21,1,1
system_pxn0_dram0_s2_cache,stateEvent_FetchInv_IS,,Accumulator,19982346000,0,0,0,0,0,0
system_pxn0_dram0_s2_cache,stateEvent_FetchInv_IM,,Accumulator,19982346000,0,0,0,0,0,0
system_pxn0_dram0_s2_cache,stateEvent_FetchInv_SM,,Accumulator,19982346000,0,0,0,0,0,0
system_pxn0_dram0_s2_cache,stateEvent_FetchInv_SB,,Accumulator,19982346000,0,0,0,0,0,0
system_pxn0_dram0_s2_cache,stateEvent_FetchInv_IB,,Accumulator,19982346000,0,0,0,0,0,0
system_pxn0_dram0_s2_cache,stateEvent_ForceInv_I,,Accumulator,19982346000,0,0,0,0,0,0
system_pxn0_dram0_s2_cache,stateEvent_ForceInv_S,,Accumulator,19982346000,0,0,0,0,0,0
system_pxn0_dram0_s2_cache,stateEvent_ForceInv_M,,Accumulator,19982346000,0,0,0,0,0,0
system_pxn0_dram0_s2_cache,stateEvent_ForceInv_IS,,Accumulator,19982346000,0,0,0,0,0,0
system_pxn0_dram0_s2_cache,stateEvent_ForceInv_IM,,Accumulator,19982346000,0,0,0,0,0,0
system_pxn0_dram0_s2_cache,stateEvent_ForceInv_SM,,Accumulator,19982346000,0,0,0,0,0,0
system_pxn0_dram0_s2_cache,stateEvent_ForceInv_SB,,Accumulator,19982346000,0,0,0,0,0,0
system_pxn0_dram0_s2_cache,stateEvent_ForceInv_IB,,Accumulator,19982346000,0,0,0,0,0,0
system_pxn0_dram0_s2_cache,stateEvent_FlushLine_I,,Accumulator,19982346000,0,0,0,0,0,0
system_pxn0_dram0_s2_cache,stateEvent_FlushLine_S,,Accumulator,19982346000,0,0,0,0,0,0
system_pxn0_dram0_s2_cache,stateEvent_FlushLine_M,,Accumulator,19982346000,0,0,0,0,0,0
system_pxn0_dram0_s2_cache,stateEvent_FlushLineInv_I,,Accumulator,19982346000,0,0,0,0,0,0
system_pxn0_dram0_s2_cache,stateEvent_FlushLineInv_S,,Accumulator,19982346000,0,0,0,0,0,0
system_pxn0_dram0_s2_cache,stateEvent_FlushLineInv_M,,Accumulator,19982346000,0,0,0,0,0,0
system_pxn0_dram0_s2_cache,stateEvent_FlushLineResp_I,,Accumulator,19982346000,0,0,0,0,0,0
system_pxn0_dram0_s2_cache,stateEvent_FlushLineResp_IB,,Accumulator,19982346000,0,0,0,0,0,0
system_pxn0_dram0_s2_cache,stateEvent_FlushLineResp_SB,,Accumulator,19982346000,0,0,0,0,0,0
system_pxn0_dram0_s2_cache,eventSent_GetS,,Accumulator,19982346000,0,15607,15607,15607,1,1
system_pxn0_dram0_s2_cache,eventSent_GetX,,Accumulator,19982346000,0,427,427,427,1,1
system_pxn0_dram0_s2_cache,eventSent_GetSX,,Accumulator,19982346000,0,0,0,0,0,0
system_pxn0_dram0_s2_cache,eventSent_Write,,Accumulator,19982346000,0,0,0,0,0,0
system_pxn0_dram0_s2_cache,eventSent_PutM,,Accumulator,19982346000,0,407,407,407,1,1
system_pxn0_dram0_s2_cache,eventSent_NACK,,Accumulator,19982346000,0,0,0,0,0,0
system_pxn0_dram0_s2_cache,eventSent_FlushLine,,Accumulator,19982346000,0,0,0,0,0,0
system_pxn0_dram0_s2_cache,eventSent_FlushLineInv,,Accumulator,19982346000,0,0,0,0,0,0
system_pxn0_dram0_s2_cache,eventSent_FetchResp,,Accumulator,19982346000,0,26,26,26,1,1
system_pxn0_dram0_s2_cache,eventSent_FetchXResp,,Accumulator,19982346000,0,0,0,0,0,0
system_pxn0_dram0_s2_cache,eventSent_AckInv,,Accumulator,19982346000,0,0,0,0,0,0
system_pxn0_dram0_s2_cache,eventSent_GetSResp,,Accumulator,19982346000,0,78873,78873,78873,1,1
system_pxn0_dram0_s2_cache,eventSent_GetXResp,,Accumulator,19982346000,0,0,0,0,0,0
system_pxn0_dram0_s2_cache,eventSent_WriteResp,,Accumulator,19982346000,0,1033,1033,1033,1,1
system_pxn0_dram0_s2_cache,eventSent_FlushLineResp,,Accumulator,19982346000,0,0,0,0,0,0
system_pxn0_dram0_s2_cache,eventSent_Put,,Accumulator,19982346000,0,0,0,0,0,0
system_pxn0_dram0_s2_cache,eventSent_Get,,Accumulator,19982346000,0,0,0,0,0,0
system_pxn0_dram0_s2_cache,eventSent_AckMove,,Accumulator,19982346000,0,0,0,0,0,0
system_pxn0_dram0_s2_cache,eventSent_CustomReq,,Accumulator,19982346000,0,65699,65699,65699,1,1
system_pxn0_dram0_s2_cache,eventSent_CustomResp,,Accumulator,19982346000,0,65699,65699,65699,1,1
system_pxn0_dram0_s2_cache,eventSent_CustomAck,,Accumulator,19982346000,0,0,0,0,0,0
system_pxn0_dram0_s2_cache,EventStalledForLockedCacheline,,Accumulator,19982346000,0,0,0,0,0,0
system_pxn0_dram0_s2_cache,evict_I,,Accumulator,19982346000,0,159,159,159,1,1
system_pxn0_dram0_s2_cache,evict_S,,Accumulator,19982346000,0,0,0,0,0,0
system_pxn0_dram0_s2_cache,evict_M,,Accumulator,19982346000,0,407,407,407,1,1
system_pxn0_dram0_s2_cache,evict_IS,,Accumulator,19982346000,0,16,16,16,1,1
system_pxn0_dram0_s2_cache,evict_IM,,Accumulator,19982346000,0,0,0,0,0,0
system_pxn0_dram0_s2_cache,evict_SM,,Accumulator,19982346000,0,0,0,0,0,0
system_pxn0_dram0_s2_cache,evict_SB,,Accumulator,19982346000,0,0,0,0,0,0
system_pxn0_dram0_s2_cache,latency_GetS_hit,,Accumulator,19982346000,0,379685,2279137,63266,6,20
system_pxn0_dram0_s2_cache,latency_GetS_miss,,Accumulator,19982346000,0,566677,29392439,15607,15,185
system_pxn0_dram0_s2_cache,latency_GetX_hit,,Accumulator,19982346000,0,3636,21816,606,6,6
system_pxn0_dram0_s2_cache,latency_GetX_miss,,Accumulator,19982346000,0,13440,458078,427,15,149
system_pxn0_dram0_s2_cache,latency_GetX_upgrade,,Accumulator,19982346000,0,0,0,0,0,0
system_pxn0_dram0_s2_cache,latency_GetSX_hit,,Accumulator,19982346000,0,0,0,0,0,0
system_pxn0_dram0_s2_cache,latency_GetSX_miss,,Accumulator,19982346000,0,0,0,0,0,0
system_pxn0_dram0_s2_cache,latency_GetSX_upgrade,,Accumulator,19982346000,0,0,0,0,0,0
system_pxn0_dram0_s2_cache,latency_FlushLine,,Accumulator,19982346000,0,0,0,0,0,0
system_pxn0_dram0_s2_cache,latency_FlushLine_fail,,Accumulator,19982346000,0,0,0,0,0,0
system_pxn0_dram0_s2_cache,latency_FlushLineInv,,Accumulator,19982346000,0,0,0,0,0,0
system_pxn0_dram0_s2_cache,latency_FlushLineInv_fail,,Accumulator,19982346000,0,0,0,0,0,0
system_pxn0_dram0_s2_cache,GetSHit_Arrival,,Accumulator,19982346000,0,63265,63265,63265,1,1
system_pxn0_dram0_s2_cache,GetXHit_Arrival,,Accumulator,19982346000,0,606,606,606,1,1
system_pxn0_dram0_s2_cache,GetSXHit_Arrival,,Accumulator,19982346000,0,0,0,0,0,0
system_pxn0_dram0_s2_cache,GetSHit_Blocked,,Accumulator,19982346000,0,1,1,1,1,1
system_pxn0_dram0_s2_cache,GetXHit_Blocked,,Accumulator,19982346000,0,0,0,0,0,0
system_pxn0_dram0_s2_cache,GetSXHit_Blocked,,Accumulator,19982346000,0,0,0,0,0,0
system_pxn0_dram0_s2_cache,GetSMiss_Arrival,,Accumulator,19982346000,0,15597,15597,15597,1,1
system_pxn0_dram0_s2_cache,GetXMiss_Arrival,,Accumulator,19982346000,0,427,427,427,1,1
system_pxn0_dram0_s2_cache,GetSXMiss_Arrival,,Accumulator,19982346000,0,0,0,0,0,0
system_pxn0_dram0_s2_cache,GetSMiss_Blocked,,Accumulator,19982346000,0,10,10,10,1,1
system_pxn0_dram0_s2_cache,GetXMiss_Blocked,,Accumulator,19982346000,0,0,0,0,0,0
system_pxn0_dram0_s2_cache,GetSXMiss_Blocked,,Accumulator,19982346000,0,0,0,0,0,0
system_pxn0_dram0_s2_cache,CacheHits,,Accumulator,19982346000,0,63872,63872,63872,1,1
system_pxn0_dram0_s2_cache,CacheMisses,,Accumulator,19982346000,0,16034,16034,16034,1,1
system_pxn0_dram0_s2_cache,stateEvent_AckPut_I,,Accumulator,19982346000,0,0,0,0,0,0
system_pxn0_dram0_s2_cache,eventSent_PutS,,Accumulator,19982346000,0,0,0,0,0,0
system_pxn0_dram0_s2_cache,eventSent_PutE,,Accumulator,19982346000,0,15473,15473,15473,1,1
system_pxn0_dram0_s2_cache,stateEvent_GetS_E,,Accumulator,19982346000,0,62719,62719,62719,1,1
system_pxn0_dram0_s2_cache,stateEvent_GetX_E,,Accumulator,19982346000,0,4,4,4,1,1
system_pxn0_dram0_s2_cache,stateEvent_GetSX_E,,Accumulator,19982346000,0,0,0,0,0,0
system_pxn0_dram0_s2_cache,stateEvent_FlushLine_E,,Accumulator,19982346000,0,0,0,0,0,0
system_pxn0_dram0_s2_cache,stateEvent_FlushLineInv_E,,Accumulator,19982346000,0,0,0,0,0,0
system_pxn0_dram0_s2_cache,stateEvent_FetchInv_E,,Accumulator,19982346000,0,5,5,5,1,1
system_pxn0_dram0_s2_cache,stateEvent_ForceInv_E,,Accumulator,19982346000,0,0,0,0,0,0
system_pxn0_dram0_s2_cache,stateEvent_FetchInvX_E,,Accumulator,19982346000,0,0,0,0,0,0
system_pxn0_dram0_s2_cache,evict_E,,Accumulator,19982346000,0,15473,15473,15473,1,1
system_pxn0_dram0_s2_cache,TotalEventsReceived,,Accumulator,19982346000,0,227364,227364,227364,1,1
system_pxn0_dram0_s2_cache,TotalEventsReplayed,,Accumulator,19982346000,0,33,33,33,1,1
system_pxn0_dram0_s2_cache,MSHR_occupancy,,Accumulator,19982346000,0,483924,707520,19982346,0,11
system_pxn0_dram0_s2_cache,Bank_conflicts,,Accumulator,19982346000,0,0,0,0,0,0
system_pxn0_dram0_s3_memctrl,requests_received_GetS,,Accumulator,19982346000,0,15585,15585,15585,1,1
system_pxn0_dram0_s3_memctrl,requests_received_GetSX,,Accumulator,19982346000,0,0,0,0,0,0
system_pxn0_dram0_s3_memctrl,requests_received_GetX,,Accumulator,19982346000,0,425,425,425,1,1
system_pxn0_dram0_s3_memctrl,requests_received_Write,,Accumulator,19982346000,0,0,0,0,0,0
system_pxn0_dram0_s3_memctrl,requests_received_PutM,,Accumulator,19982346000,0,423,423,423,1,1
system_pxn0_dram0_s3_memctrl,outstanding_requests,,Accumulator,19982346000,0,2406114,4621540,19982346,0,8
system_pxn0_dram0_s3_memctrl,latency_GetS,,Accumulator,19982346000,0,340179,15922079,15585,1,194
system_pxn0_dram0_s3_memctrl,latency_GetSX,,Accumulator,19982346000,0,0,0,0,0,0
system_pxn0_dram0_s3_memctrl,latency_GetX,,Accumulator,19982346000,0,8761,343561,425,1,119
system_pxn0_dram0_s3_memctrl,latency_Write,,Accumulator,19982346000,0,0,0,0,0,0
system_pxn0_dram0_s3_memctrl,latency_PutM,,Accumulator,19982346000,0,423,423,423,1,1
system_pxn0_dram0_s3_memctrl,cycles_with_issue,,Accumulator,19982346000,0,81255,81255,81255,1,1
system_pxn0_dram0_s3_memctrl,cycles_attempted_issue_but_rejected,,Accumulator,19982346000,0,0,0,0,0,0
system_pxn0_dram0_s3_memctrl,total_cycles,,Accumulator,19982346000,0,19982346,399294151663716,1,19982346,19982346
system_pxn0_dram0_s3_cache,stateEvent_GetS_I,,Accumulator,19982346000,0,15585,15585,15585,1,1
system_pxn0_dram0_s3_cache,stateEvent_GetS_S,,Accumulator,19982346000,0,0,0,0,0,0
system_pxn0_dram0_s3_cache,stateEvent_GetS_M,,Accumulator,19982346000,0,728,728,728,1,1
system_pxn0_dram0_s3_cache,stateEvent_GetX_I,,Accumulator,19982346000,0,425,425,425,1,1
system_pxn0_dram0_s3_cache,stateEvent_GetX_S,,Accumulator,19982346000,0,0,0,0,0,0
system_pxn0_dram0_s3_cache,stateEvent_GetX_M,,Accumulator,19982346000,0,627,627,627,1,1
system_pxn0_dram0_s3_cache,stateEvent_GetSX_I,,Accumulator,19982346000,0,0,0,0,0,0
system_pxn0_dram0_s3_cache,stateEvent_GetSX_S,,Accumulator,19982346000,0,0,0,0,0,0
system_pxn0_dram0_s3_cache,stateEvent_GetSX_M,,Accumulator,19982346000,0,0,0,0,0,0
system_pxn0_dram0_s3_cache,stateEvent_GetSResp_IS,,Accumulator,19982346000,0,0,0,0,0,0
system_pxn0_dram0_s3_cache,stateEvent_GetXResp_IS,,Accumulator,19982346000,0,15585,15585,15585,1,1
system_pxn0_dram0_s3_cache,stateEvent_GetXResp_IM,,Accumulator,19982346000,0,425,425,425,1,1
system_pxn0_dram0_s3_cache,stateEvent_GetXResp_SM,,Accumulator,19982346000,0,0,0,0,0,0
system_pxn0_dram0_s3_cache,stateEvent_Inv_I,,Accumulator,19982346000,0,0,0,0,0,0
system_pxn0_dram0_s3_cache,stateEvent_Inv_S,,Accumulator,19982346000,0,0,0,0,0,0
system_pxn0_dram0_s3_cache,stateEvent_Inv_IS,,Accumulator,19982346000,0,0,0,0,0,0
system_pxn0_dram0_s3_cache,stateEvent_Inv_IM,,Accumulator,19982346000,0,0,0,0,0,0
system_pxn0_dram0_s3_cache,stateEvent_Inv_SM,,Accumulator,19982346000,0,0,0,0,0,0
system_pxn0_dram0_s3_cache,stateEvent_Inv_SB,,Accumulator,19982346000,0,0,0,0,0,0
system_pxn0_dram0_s3_cache,stateEvent_Inv_IB,,Accumulator,19982346000,0,0,0,0,0,0
system_pxn0_dram0_s3_cache,stateEvent_FetchInvX_I,,Accumulator,19982346000,0,0,0,0,0,0
system_pxn0_dram0_s3_cache,stateEvent_FetchInvX_M,,Accumulator,19982346000,0,0,0,0,0,0
system_pxn0_dram0_s3_cache,stateEvent_FetchInvX_IS,,Accumulator,19982346000,0,0,0,0,0,0
system_pxn0_dram0_s3_cache,stateEvent_FetchInvX_IM,,Accumulator,19982346000,0,0,0,0,0,0
system_pxn0_dram0_s3_cache,stateEvent_FetchInvX_SB,,Accumulator,19982346000,0,0,0,0,0,0
system_pxn0_dram0_s3_cache,stateEvent_FetchInvX_IB,,Accumulator,19982346000,0,0,0,0,0,0
system_pxn0_dram0_s3_cache,stateEvent_Fetch_I,,Accumulator,19982346000,0,0,0,0,0,0
system_pxn0_dram0_s3_cache,stateEvent_Fetch_S,,Accumulator,19982346000,0,0,0,0,0,0
system_pxn0_dram0_s3_cache,stateEvent_Fetch_IS,,Accumulator,19982346000,0,0,0,0,0,0
system_pxn0_dram0_s3_cache,stateEvent_Fetch_IM,,Accumulator,19982346000,0,0,0,0,0,0
system_pxn0_dram0_s3_cache,stateEvent_Fetch_SM,,Accumulator,19982346000,0,0,0,0,0,0
system_pxn0_dram0_s3_cache,stateEvent_Fetch_IB,,Accumulator,19982346000,0,0,0,0,0,0
system_pxn0_dram0_s3_cache,stateEvent_Fetch_SB,,Accumulator,19982346000,0,0,0,0,0,0
system_pxn0_dram0_s3_cache,stateEvent_FetchInv_I,,Accumulator,19982346000,0,0,0,0,0,0
system_pxn0_dram0_s3_cache,stateEvent_FetchInv_S,,Accumulator,19982346000,0,0,0,0,0,0
system_pxn0_dram0_s3_cache,stateEvent_FetchInv_M,,Accumulator,19982346000,0,13,13,13,1,1
system_pxn0_dram0_s3_cache,stateEvent_FetchInv_IS,,Accumulator,19982346000,0,0,0,0,0,0
system_pxn0_dram0_s3_cache,stateEvent_FetchInv_IM,,Accumulator,19982346000,0,0,0,0,0,0
system_pxn0_dram0_s3_cache,stateEvent_FetchInv_SM,,Accumulator,19982346000,0,0,0,0,0,0
system_pxn0_dram0_s3_cache,stateEvent_FetchInv_SB,,Accumulator,19982346000,0,0,0,0,0,0
system_pxn0_dram0_s3_cache,stateEvent_FetchInv_IB,,Accumulator,19982346000,0,0,0,0,0,0
system_pxn0_dram0_s3_cache,stateEvent_ForceInv_I,,Accumulator,19982346000,0,0,0,0,0,0
system_pxn0_dram0_s3_cache,stateEvent_ForceInv_S,,Accumulator,19982346000,0,0,0,0,0,0
system_pxn0_dram0_s3_cache,stateEvent_ForceInv_M,,Accumulator,19982346000,0,0,0,0,0,0
system_pxn0_dram0_s3_cache,stateEvent_ForceInv_IS,,Accumulator,19982346000,0,0,0,0,0,0
system_pxn0_dram0_s3_cache,stateEvent_ForceInv_IM,,Accumulator,19982346000,0,0,0,0,0,0
system_pxn0_dram0_s3_cache,stateEvent_ForceInv_SM,,Accumulator,19982346000,0,0,0,0,0,0
system_pxn0_dram0_s3_cache,stateEvent_ForceInv_SB,,Accumulator,19982346000,0,0,0,0,0,0
system_pxn0_dram0_s3_cache,stateEvent_ForceInv_IB,,Accumulator,19982346000,0,0,0,0,0,0
system_pxn0_dram0_s3_cache,stateEvent_FlushLine_I,,Accumulator,19982346000,0,0,0,0,0,0
system_pxn0_dram0_s3_cache,stateEvent_FlushLine_S,,Accumulator,19982346000,0,0,0,0,0,0
system_pxn0_dram0_s3_cache,stateEvent_FlushLine_M,,Accumulator,19982346000,0,0,0,0,0,0
system_pxn0_dram0_s3_cache,stateEvent_FlushLineInv_I,,Accumulator,19982346000,0,0,0,0,0,0
system_pxn0_dram0_s3_cache,stateEvent_FlushLineInv_S,,Accumulator,19982346000,0,0,0,0,0,0
system_pxn0_dram0_s3_cache,stateEvent_FlushLineInv_M,,Accumulator,19982346000,0,0,0,0,0,0
system_pxn0_dram0_s3_cache,stateEvent_FlushLineResp_I,,Accumulator,19982346000,0,0,0,0,0,0
system_pxn0_dram0_s3_cache,stateEvent_FlushLineResp_IB,,Accumulator,19982346000,0,0,0,0,0,0
system_pxn0_dram0_s3_cache,stateEvent_FlushLineResp_SB,,Accumulator,19982346000,0,0,0,0,0,0
system_pxn0_dram0_s3_cache,eventSent_GetS,,Accumulator,19982346000,0,15585,15585,15585,1,1
system_pxn0_dram0_s3_cache,eventSent_GetX,,Accumulator,19982346000,0,425,425,425,1,1
system_pxn0_dram0_s3_cache,eventSent_GetSX,,Accumulator,19982346000,0,0,0,0,0,0
system_pxn0_dram0_s3_cache,eventSent_Write,,Accumulator,19982346000,0,0,0,0,0,0
system_pxn0_dram0_s3_cache,eventSent_PutM,,Accumulator,19982346000,0,410,410,410,1,1
system_pxn0_dram0_s3_cache,eventSent_NACK,,Accumulator,19982346000,0,0,0,0,0,0
system_pxn0_dram0_s3_cache,eventSent_FlushLine,,Accumulator,19982346000,0,0,0,0,0,0
system_pxn0_dram0_s3_cache,eventSent_FlushLineInv,,Accumulator,19982346000,0,0,0,0,0,0
system_pxn0_dram0_s3_cache,eventSent_FetchResp,,Accumulator,19982346000,0,13,13,13,1,1
system_pxn0_dram0_s3_cache,eventSent_FetchXResp,,Accumulator,19982346000,0,0,0,0,0,0
system_pxn0_dram0_s3_cache,eventSent_AckInv,,Accumulator,19982346000,0,0,0,0,0,0
system_pxn0_dram0_s3_cache,eventSent_GetSResp,,Accumulator,19982346000,0,79041,79041,79041,1,1
system_pxn0_dram0_s3_cache,eventSent_GetXResp,,Accumulator,19982346000,0,0,0,0,0,0
system_pxn0_dram0_s3_cache,eventSent_WriteResp,,Accumulator,19982346000,0,1053,1053,1053,1,1
system_pxn0_dram0_s3_cache,eventSent_FlushLineResp,,Accumulator,19982346000,0,0,0,0,0,0
system_pxn0_dram0_s3_cache,eventSent_Put,,Accumulator,19982346000,0,0,0,0,0,0
system_pxn0_dram0_s3_cache,eventSent_Get,,Accumulator,19982346000,0,0,0,0,0,0
system_pxn0_dram0_s3_cache,eventSent_AckMove,,Accumulator,19982346000,0,0,0,0,0,0
system_pxn0_dram0_s3_cache,eventSent_CustomReq,,Accumulator,19982346000,0,65309,65309,65309,1,1
system_pxn0_dram0_s3_cache,eventSent_CustomResp,,Accumulator,19982346000,0,65309,65309,65309,1,1
system_pxn0_dram0_s3_cache,eventSent_CustomAck,,Accumulator,19982346000,0,0,0,0,0,0
system_pxn0_dram0_s3_cache,EventStalledForLockedCacheline,,Accumulator,19982346000,0,0,0,0,0,0
system_pxn0_dram0_s3_cache,evict_I,,Accumulator,19982346000,0,167,167,167,1,1
system_pxn0_dram0_s3_cache,evict_S,,Accumulator,19982346000,0,0,0,0,0,0
system_pxn0_dram0_s3_cache,evict_M,,Accumulator,19982346000,0,410,410,410,1,1
system_pxn0_dram0_s3_cache,evict_IS,,Accumulator,19982346000,0,30,30,30,1,1
system_pxn0_dram0_s3_cache,evict_IM,,Accumulator,19982346000,0,0,0,0,0,0
system_pxn0_dram0_s3_cache,evict_SM,,Accumulator,19982346000,0,0,0,0,0,0
system_pxn0_dram0_s3_cache,evict_SB,,Accumulator,19982346000,0,0,0,0,0,0
system_pxn0_dram0_s3_cache,latency_GetS_hit,,Accumulator,19982346000,0,381426,2303902,63456,6,48
system_pxn0_dram0_s3_cache,latency_GetS_miss,,Accumulator,19982346000,0,559069,28594219,15585,15,208
system_pxn0_dram0_s3_cache,latency_GetX_hit,,Accumulator,19982346000,0,3768,22608,628,6,6
system_pxn0_dram0_s3_cache,latency_GetX_miss,,Accumulator,19982346000,0,14711,672169,425,15,133
system_pxn0_dram0_s3_cache,latency_GetX_upgrade,,Accumulator,19982346000,0,0,0,0,0,0
system_pxn0_dram0_s3_cache,latency_GetSX_hit,,Accumulator,19982346000,0,0,0,0,0,0
system_pxn0_dram0_s3_cache,latency_GetSX_miss,,Accumulator,19982346000,0,0,0,0,0,0
system_pxn0_dram0_s3_cache,latency_GetSX_upgrade,,Accumulator,19982346000,0,0,0,0,0,0
system_pxn0_dram0_s3_cache,latency_FlushLine,,Accumulator,19982346000,0,0,0,0,0,0
system_pxn0_dram0_s3_cache,latency_FlushLine_fail,,Accumulator,19982346000,0,0,0,0,0,0
system_pxn0_dram0_s3_cache,latency_FlushLineInv,,Accumulator,19982346000,0,0,0,0,0,0
system_pxn0_dram0_s3_cache,latency_FlushLineInv_fail,,Accumulator,19982346000,0,0,0,0,0,0
system_pxn0_dram0_s3_cache,GetSHit_Arrival,,Accumulator,19982346000,0,63455,63455,63455,1,1
system_pxn0_dram0_s3_cache,GetXHit_Arrival,,Accumulator,19982346000,0,628,628,628,1,1
system_pxn0_dram0_s3_cache,GetSXHit_Arrival,,Accumulator,19982346000,0,0,0,0,0,0
system_pxn0_dram0_s3_cache,GetSHit_Blocked,,Accumulator,19982346000,0,1,1,1,1,1
system_pxn0_dram0_s3_cache,GetXHit_Blocked,,Accumulator,19982346000,0,0,0,0,0,0
system_pxn0_dram0_s3_cache,GetSXHit_Blocked,,Accumulator,19982346000,0,0,0,0,0,0
system_pxn0_dram0_s3_cache,GetSMiss_Arrival,,Accumulator,19982346000,0,15572,15572,15572,1,1
system_pxn0_dram0_s3_cache,GetXMiss_Arrival,,Accumulator,19982346000,0,425,425,425,1,1
system_pxn0_dram0_s3_cache,GetSXMiss_Arrival,,Accumulator,19982346000,0,0,0,0,0,0
system_pxn0_dram0_s3_cache,GetSMiss_Blocked,,Accumulator,19982346000,0,13,13,13,1,1
system_pxn0_dram0_s3_cache,GetXMiss_Blocked,,Accumulator,19982346000,0,0,0,0,0,0
system_pxn0_dram0_s3_cache,GetSXMiss_Blocked,,Accumulator,19982346000,0,0,0,0,0,0
system_pxn0_dram0_s3_cache,CacheHits,,Accumulator,19982346000,0,64084,64084,64084,1,1
system_pxn0_dram0_s3_cache,CacheMisses,,Accumulator,19982346000,0,16010,16010,16010,1,1
system_pxn0_dram0_s3_cache,stateEvent_AckPut_I,,Accumulator,19982346000,0,0,0,0,0,0
system_pxn0_dram0_s3_cache,eventSent_PutS,,Accumulator,19982346000,0,0,0,0,0,0
system_pxn0_dram0_s3_cache,eventSent_PutE,,Accumulator,19982346000,0,15459,15459,15459,1,1
system_pxn0_dram0_s3_cache,stateEvent_GetS_E,,Accumulator,19982346000,0,62728,62728,62728,1,1
system_pxn0_dram0_s3_cache,stateEvent_GetX_E,,Accumulator,19982346000,0,1,1,1,1,1
system_pxn0_dram0_s3_cache,stateEvent_GetSX_E,,Accumulator,19982346000,0,0,0,0,0,0
system_pxn0_dram0_s3_cache,stateEvent_FlushLine_E,,Accumulator,19982346000,0,0,0,0,0,0
system_pxn0_dram0_s3_cache,stateEvent_FlushLineInv_E,,Accumulator,19982346000,0,0,0,0,0,0
system_pxn0_dram0_s3_cache,stateEvent_FetchInv_E,,Accumulator,19982346000,0,0,0,0,0,0
system_pxn0_dram0_s3_cache,stateEvent_ForceInv_E,,Accumulator,19982346000,0,0,0,0,0,0
system_pxn0_dram0_s3_cache,stateEvent_FetchInvX_E,,Accumulator,19982346000,0,0,0,0,0,0
system_pxn0_dram0_s3_cache,evict_E,,Accumulator,19982346000,0,15459,15459,15459,1,1
system_pxn0_dram0_s3_cache,TotalEventsReceived,,Accumulator,19982346000,0,226735,226735,226735,1,1
system_pxn0_dram0_s3_cache,TotalEventsReplayed,,Accumulator,19982346000,0,57,57,57,1,1
system_pxn0_dram0_s3_cache,MSHR_occupancy,,Accumulator,19982346000,0,477736,692378,19982346,0,13
system_pxn0_dram0_s3_cache,Bank_conflicts,,Accumulator,19982346000,0,0,0,0,0,0
system_pxn0_hostcore,load_l1sp,thread_0,Accumulator,19982346000,0,0,0,0,0,0
system_pxn0_hostcore,load_l2sp,thread_0,Accumulator,19982346000,0,0,0,0,0,0
system_pxn0_hostcore,load_dram,thread_0,Accumulator,19982346000,0,0,0,0,0,0
system_pxn0_hostcore,load_remote_pxn,thread_0,Accumulator,19982346000,0,0,0,0,0,0
system_pxn0_hostcore,store_l1sp,thread_0,Accumulator,19982346000,0,0,0,0,0,0
system_pxn0_hostcore,store_l2sp,thread_0,Accumulator,19982346000,0,331,331,331,1,1
system_pxn0_hostcore,store_dram,thread_0,Accumulator,19982346000,0,1665,1665,1665,1,1
system_pxn0_hostcore,store_remote_pxn,thread_0,Accumulator,19982346000,0,0,0,0,0,0
system_pxn0_hostcore,atomic_l1sp,thread_0,Accumulator,19982346000,0,0,0,0,0,0
system_pxn0_hostcore,atomic_l2sp,thread_0,Accumulator,19982346000,0,0,0,0,0,0
system_pxn0_hostcore,atomic_dram,thread_0,Accumulator,19982346000,0,0,0,0,0,0
system_pxn0_hostcore,atomic_remote_pxn,thread_0,Accumulator,19982346000,0,0,0,0,0,0
system_pxn0_hostcore,tag_cycles,thread_0,Accumulator,19982346000,0,0,0,19982346,0,0
system_pxn0_hostcore,busy_cycles,,Accumulator,19982346000,0,1998,1998,1998,1,1
system_pxn0_hostcore,stall_cycles,,Accumulator,19982346000,0,19980348,395926109628472,5992,1,19897892
